{"polyfill":["/polyfill-Ninja-e24683fb66609d32def6cb111c89847d-b01aea1f7bc6c1e00812.js"],"app":["/app-Ninja-e24683fb66609d32def6cb111c89847d-0fbbad06eb2a23bc8114.js"],"component---src-pages-auto-run-script-js":["/component---src-pages-auto-run-script-js-Ninja-e24683fb66609d32def6cb111c89847d-44ad4a585ab95be4a9ac.js"],"component---src-pages-auto-test-js":["/component---src-pages-auto-test-js-Ninja-e24683fb66609d32def6cb111c89847d-74948219b10e4770d5d0.js"],"component---src-pages-bdp-js":["/component---src-pages-bdp-js-Ninja-e24683fb66609d32def6cb111c89847d-bd54927e7e6d283b1b20.js"],"component---src-pages-bdp-test-js":["/component---src-pages-bdp-test-js-Ninja-e24683fb66609d32def6cb111c89847d-6a131caaa04817da64b9.js"],"component---src-pages-configuration-js":["/component---src-pages-configuration-js-Ninja-e24683fb66609d32def6cb111c89847d-aef19152d25dc993c145.js"],"component---src-pages-control-js":["/component---src-pages-control-js-Ninja-e24683fb66609d32def6cb111c89847d-d50a184594116d45e59e.js"],"component---src-pages-device-info-js":["/component---src-pages-device-info-js-Ninja-e24683fb66609d32def6cb111c89847d-2f2fea86ec7719530456.js"],"component---src-pages-download-js":["/component---src-pages-download-js-Ninja-e24683fb66609d32def6cb111c89847d-99a67c7b1ef18a1fde77.js"],"component---src-pages-functions-js":["/component---src-pages-functions-js-Ninja-e24683fb66609d32def6cb111c89847d-61b57189148810c4d0a1.js"],"component---src-pages-index-js":["/component---src-pages-index-js-Ninja-e24683fb66609d32def6cb111c89847d-2acf5693010d85423ab1.js"],"component---src-pages-lidar-calibration-js":["/component---src-pages-lidar-calibration-js-Ninja-e24683fb66609d32def6cb111c89847d-c492c1fd1db681056549.js"],"component---src-pages-map-form-file-js":["/component---src-pages-map-form-file-js-Ninja-e24683fb66609d32def6cb111c89847d-ae2925a336e5b96b98c5.js"],"component---src-pages-ota-js":["/component---src-pages-ota-js-Ninja-e24683fb66609d32def6cb111c89847d-929a4e1cd23b4084a98b.js"],"component---src-pages-rtt-test-js":["/component---src-pages-rtt-test-js-Ninja-e24683fb66609d32def6cb111c89847d-b105ea0b58081712f06c.js"],"component---src-pages-rvc-data-js":["/component---src-pages-rvc-data-js-Ninja-e24683fb66609d32def6cb111c89847d-02ae4de0b30c8edfaa3b.js"],"component---src-pages-set-wifi-js":["/component---src-pages-set-wifi-js-Ninja-e24683fb66609d32def6cb111c89847d-f6fd3a54aa72b043f7ae.js"],"component---src-pages-switch-dsn-js":["/component---src-pages-switch-dsn-js-Ninja-e24683fb66609d32def6cb111c89847d-39847178b7a583256fef.js"],"component---src-pages-terminal-js":["/component---src-pages-terminal-js-Ninja-e24683fb66609d32def6cb111c89847d-d3d7a0f6926ae98106f5.js"]}