operator,deviceSN,deviceSKU,deviceHWD,packageName,dsn,deviceMacAddress,stationMacAddress,stationName,recordTime,PMStartTime,PMFWCostTime,PMNavCostTime,PMMCUCostTime,PMStatus,md5Check,backupState,WifiChanel,AudioPackageVersion,FwVersion,PMDsnCostTime,PmMusicTime,PmMcuBootCostTime
noInfo,J19R3081H1R9,RV2520A0US,10B061100XXA0001AXX0100PP60XXXXX,Lidar360P3.N3308.21.2_MSK11[34A]4[ABC]14_21.07_Feb202022.zip,AC000W027157072,F0:B0:40:DD:05:D9,8c:ec:4b:87:e0:b3,KAY-DT-03,2022-04-23 08:07:36.420947,2022-04-23 08:06:10.279634,43.996,27.474,7.662,success,noInfo,2.0,0x00,music-vmusic-V2.9,Lidar360P3.N3308.21.2_MSK11[34A]4[ABC]14_21.07_Feb202022.zip,4.521,5.146,1.08
noInfo,J19R3081H1Q7,RV2520A0US,10B061100XXA0001AXX0100PP60XXXXX,Lidar360P3.N3308.21.2_MSK11[34A]4[ABC]14_21.07_Feb202022.zip,AC000W027157078,F0:B0:40:DD:05:69,8c:ec:4b:87:e0:b3,KAY-DT-03,2022-04-23 08:10:21.863981,2022-04-23 08:08:56.491126,43.058,27.565,7.591,success,noInfo,2.0,0x00,music-vmusic-V2.9,Lidar360P3.N3308.21.2_MSK11[34A]4[ABC]14_21.07_Feb202022.zip,4.552,4.941,1.147
noInfo,J19R3081H1Q0,RV2520A0US,10B061100XXA0001AXX0100PP60XXXXX,Lidar360P3.N3308.21.2_MSK11[34A]4[ABC]14_21.07_Feb202022.zip,AC000W027157084,F0:B0:40:75:23:46,8c:ec:4b:87:e0:b3,KAY-DT-03,2022-04-23 08:12:40.319931,2022-04-23 08:11:15.032648,42.8,27.895,7.672,success,noInfo,2.0,0x00,music-vmusic-V2.9,Lidar360P3.N3308.21.2_MSK11[34A]4[ABC]14_21.07_Feb202022.zip,4.604,5.085,1.03
noInfo,J19R3081H1K4,RV2520A0US,10B061100XXA0001AXX0100PP60XXXXX,Lidar360P3.N3308.21.2_MSK11[34A]4[ABC]14_21.07_Feb202022.zip,AC000W027157090,5C:C5:63:42:29:9C,8c:ec:4b:87:e0:b3,KAY-DT-03,2022-04-23 08:15:11.826695,2022-04-23 08:13:46.668827,43.125,27.82,7.594,success,noInfo,2.0,0x00,music-vmusic-V2.9,Lidar360P3.N3308.21.2_MSK11[34A]4[ABC]14_21.07_Feb202022.zip,4.499,4.723,1.015
noInfo,J19R3081H1J5,RV2520A0US,10B061100XXA0001AXX0100PP60XXXXX,Lidar360P3.N3308.21.2_MSK11[34A]4[ABC]14_21.07_Feb202022.zip,AC000W027157095,F0:B0:40:DD:00:4D,8c:ec:4b:87:e0:b3,KAY-DT-03,2022-04-23 08:17:15.933268,2022-04-23 08:15:49.261595,44.683,27.261,7.726,success,noInfo,2.0,0x00,music-vmusic-V2.9,Lidar360P3.N3308.21.2_MSK11[34A]4[ABC]14_21.07_Feb202022.zip,4.396,5.223,1.006
noInfo,J19R3081H1Q6,RV2520A0US,10B061100XXA0001AXX0100PP60XXXXX,Lidar360P3.N3308.21.2_MSK11[34A]4[ABC]14_21.07_Feb202022.zip,AC000W027157100,F0:B0:40:75:1D:62,8c:ec:4b:87:e0:b3,KAY-DT-03,2022-04-23 08:19:32.443487,2022-04-23 08:18:07.067574,42.837,27.699,7.641,success,noInfo,2.0,0x00,music-vmusic-V2.9,Lidar360P3.N3308.21.2_MSK11[34A]4[ABC]14_21.07_Feb202022.zip,4.771,4.989,1.051
noInfo,J19R3081H1H3,RV2520A0US,10B061100XXA0001AXX0100PP60XXXXX,Lidar360P3.N3308.21.2_MSK11[34A]4[ABC]14_21.07_Feb202022.zip,AC000W027157107,5C:C5:63:42:2D:0C,8c:ec:4b:87:e0:b3,KAY-DT-03,2022-04-23 08:23:28.531015,2022-04-23 08:22:01.155924,45.296,27.732,7.638,success,noInfo,2.0,0x00,music-vmusic-V2.9,Lidar360P3.N3308.21.2_MSK11[34A]4[ABC]14_21.07_Feb202022.zip,4.334,5.201,1.021
noInfo,J19R3081H1F5,RV2520A0US,10B061100XXA0001AXX0100PP60XXXXX,Lidar360P3.N3308.21.2_MSK11[34A]4[ABC]14_21.07_Feb202022.zip,AC000W027157116,F0:B0:40:DD:05:82,8c:ec:4b:87:e0:b3,KAY-DT-03,2022-04-23 08:28:00.372434,2022-04-23 08:26:33.118793,45.516,27.62,7.556,success,noInfo,2.0,0x00,music-vmusic-V2.9,Lidar360P3.N3308.21.2_MSK11[34A]4[ABC]14_21.07_Feb202022.zip,4.218,4.971,1.004
noInfo,J19R3081H1F1,RV2520A0US,10B061100XXA0001AXX0100PP60XXXXX,Lidar360P3.N3308.21.2_MSK11[34A]4[ABC]14_21.07_Feb202022.zip,AC000W027157121,F0:B0:40:DD:07:34,8c:ec:4b:87:e0:b3,KAY-DT-03,2022-04-23 08:29:51.695718,2022-04-23 08:28:26.590564,43.246,28.134,7.6,success,noInfo,2.0,0x00,music-vmusic-V2.9,Lidar360P3.N3308.21.2_MSK11[34A]4[ABC]14_21.07_Feb202022.zip,4.015,4.774,1.204
noInfo,J19R3081H1F4,RV2520A0US,10B061100XXA0001AXX0100PP60XXXXX,Lidar360P3.N3308.21.2_MSK11[34A]4[ABC]14_21.07_Feb202022.zip,AC000W027157128,F0:B0:40:DD:00:D2,8c:ec:4b:87:e0:b3,KAY-DT-03,2022-04-23 08:32:01.588942,2022-04-23 08:30:35.566286,44.123,27.453,7.638,success,noInfo,2.0,0x00,music-vmusic-V2.9,Lidar360P3.N3308.21.2_MSK11[34A]4[ABC]14_21.07_Feb202022.zip,4.511,5.1,1.011
noInfo,J19R3081H1A0,RV2520A0US,10B061100XXA0001AXX0100PP60XXXXX,Lidar360P3.N3308.21.2_MSK11[34A]4[ABC]14_21.07_Feb202022.zip,AC000W027157139,F0:B0:40:DD:07:73,8c:ec:4b:87:e0:b3,KAY-DT-03,2022-04-23 08:37:54.096929,2022-04-23 08:36:28.840796,44.03,27.31,7.655,success,noInfo,2.0,0x00,music-vmusic-V2.9,Lidar360P3.N3308.21.2_MSK11[34A]4[ABC]14_21.07_Feb202022.zip,3.807,4.875,1.159
noInfo,J19R3081H1A1,RV2520A0US,10B061100XXA0001AXX0100PP60XXXXX,Lidar360P3.N3308.21.2_MSK11[34A]4[ABC]14_21.07_Feb202022.zip,AC000W027157144,F0:B0:40:75:1C:FD,8c:ec:4b:87:e0:b3,KAY-DT-03,2022-04-23 08:40:01.033617,2022-04-23 08:38:34.934817,45.3,27.283,7.612,success,noInfo,2.0,0x00,music-vmusic-V2.9,Lidar360P3.N3308.21.2_MSK11[34A]4[ABC]14_21.07_Feb202022.zip,3.963,4.859,1.01
noInfo,J19R3081H0U9,RV2520A0US,10B061100XXA0001AXX0100PP60XXXXX,Lidar360P3.N3308.21.2_MSK11[34A]4[ABC]14_21.07_Feb202022.zip,AC000W027157149,F0:B0:40:DC:E0:BC,8c:ec:4b:87:e0:b3,KAY-DT-03,2022-04-23 08:42:44.656604,2022-04-23 08:41:15.040175,47.118,27.735,7.668,success,noInfo,2.0,0x00,music-vmusic-V2.9,Lidar360P3.N3308.21.2_MSK11[34A]4[ABC]14_21.07_Feb202022.zip,4.748,4.988,1.034
noInfo,J19R3081H0U1,RV2520A0US,10B061100XXA0001AXX0100PP60XXXXX,Lidar360P3.N3308.21.2_MSK11[34A]4[ABC]14_21.07_Feb202022.zip,AC000W027157154,F0:B0:40:DD:33:EE,8c:ec:4b:87:e0:b3,KAY-DT-03,2022-04-23 08:44:49.376586,2022-04-23 08:43:21.637741,45.801,27.878,7.762,success,noInfo,2.0,0x00,music-vmusic-V2.9,Lidar360P3.N3308.21.2_MSK11[34A]4[ABC]14_21.07_Feb202022.zip,3.86,5.317,0.987
noInfo,J19R3081H0U2,RV2520A0US,10B061100XXA0001AXX0100PP60XXXXX,Lidar360P3.N3308.21.2_MSK11[34A]4[ABC]14_21.07_Feb202022.zip,AC000W027157159,F0:B0:40:DC:E1:93,8c:ec:4b:87:e0:b3,KAY-DT-03,2022-04-23 08:47:15.532328,2022-04-23 08:45:48.247576,45.339,27.393,7.806,success,noInfo,2.0,0x00,music-vmusic-V2.9,Lidar360P3.N3308.21.2_MSK11[34A]4[ABC]14_21.07_Feb202022.zip,3.729,5.096,1.025
noInfo,J19R3081H0S1,RV2520A0US,10B061100XXA0001AXX0100PP60XXXXX,Lidar360P3.N3308.21.2_MSK11[34A]4[ABC]14_21.07_Feb202022.zip,AC000W027157164,F0:B0:40:DC:E1:A1,8c:ec:4b:87:e0:b3,KAY-DT-03,2022-04-23 08:49:22.625175,2022-04-23 08:47:55.812615,43.891,27.973,7.757,success,noInfo,2.0,0x00,music-vmusic-V2.9,Lidar360P3.N3308.21.2_MSK11[34A]4[ABC]14_21.07_Feb202022.zip,5.017,4.958,1.008
noInfo,J19R3081H0R9,RV2520A0US,10B061100XXA0001AXX0100PP60XXXXX,Lidar360P3.N3308.21.2_MSK11[34A]4[ABC]14_21.07_Feb202022.zip,AC000W027157170,5C:C5:63:42:29:5C,8c:ec:4b:87:e0:b3,KAY-DT-03,2022-04-23 08:51:30.833854,2022-04-23 08:50:04.702590,43.146,27.587,7.459,success,noInfo,2.0,0x00,music-vmusic-V2.9,Lidar360P3.N3308.21.2_MSK11[34A]4[ABC]14_21.07_Feb202022.zip,5.273,5.225,0.973
noInfo,J19R3081H0R0,RV2520A0US,10B061100XXA0001AXX0100PP60XXXXX,Lidar360P3.N3308.21.2_MSK11[34A]4[ABC]14_21.07_Feb202022.zip,AC000W027157179,F0:B0:40:DD:07:2E,8c:ec:4b:87:e0:b3,KAY-DT-03,2022-04-23 08:56:02.988718,2022-04-23 08:54:33.910670,47.959,27.225,7.573,success,noInfo,2.0,0x00,music-vmusic-V2.9,Lidar360P3.N3308.21.2_MSK11[34A]4[ABC]14_21.07_Feb202022.zip,4.136,4.787,1.158
noInfo,J19R3081H0Q8,RV2520A0US,10B061100XXA0001AXX0100PP60XXXXX,Lidar360P3.N3308.21.2_MSK11[34A]4[ABC]14_21.07_Feb202022.zip,AC000W027157183,F0:B0:40:74:C2:64,8c:ec:4b:87:e0:b3,KAY-DT-03,2022-04-23 08:57:48.851098,2022-04-23 08:56:21.004739,46.074,27.614,7.742,success,noInfo,2.0,0x00,music-vmusic-V2.9,Lidar360P3.N3308.21.2_MSK11[34A]4[ABC]14_21.07_Feb202022.zip,4.254,5.027,1.017
noInfo,J19R3081K6Q1,RV2520A0US,10B061100XXA0001AXX0100PP60XXXXX,Lidar360P3.N3308.21.2_MSK11[34A]4[ABC]14_21.07_Feb202022.zip,AC000W027157188,F0:B0:40:DC:E5:2A,8c:ec:4b:87:e0:b3,KAY-DT-03,2022-04-23 09:00:01.230526,2022-04-23 08:58:37.291783,42.936,27.524,7.662,success,noInfo,2.0,0x00,music-vmusic-V2.9,Lidar360P3.N3308.21.2_MSK11[34A]4[ABC]14_21.07_Feb202022.zip,3.935,4.773,1.033
noInfo,J19R3081H0K6,RV2520A0US,10B061100XXA0001AXX0100PP60XXXXX,Lidar360P3.N3308.21.2_MSK11[34A]4[ABC]14_21.07_Feb202022.zip,AC000W027157194,F0:B0:40:DD:05:6A,8c:ec:4b:87:e0:b3,KAY-DT-03,2022-04-23 09:02:18.619850,2022-04-23 09:00:52.434494,43.832,27.48,7.754,success,noInfo,2.0,0x00,music-vmusic-V2.9,Lidar360P3.N3308.21.2_MSK11[34A]4[ABC]14_21.07_Feb202022.zip,4.409,5.296,1.061
noInfo,J19R3081H0J4,RV2520A0US,10B061100XXA0001AXX0100PP60XXXXX,Lidar360P3.N3308.21.2_MSK11[34A]4[ABC]14_21.07_Feb202022.zip,AC000W027157208,F0:B0:40:DC:E0:AC,8c:ec:4b:87:e0:b3,KAY-DT-03,2022-04-23 09:08:31.091199,2022-04-23 09:07:04.186598,44.434,27.612,7.789,success,noInfo,2.0,0x00,music-vmusic-V2.9,Lidar360P3.N3308.21.2_MSK11[34A]4[ABC]14_21.07_Feb202022.zip,4.58,5.249,1.03
noInfo,J19R3081H0H5,RV2520A0US,10B061100XXA0001AXX0100PP60XXXXX,Lidar360P3.N3308.21.2_MSK11[34A]4[ABC]14_21.07_Feb202022.zip,AC000W027157213,F0:B0:40:75:19:97,8c:ec:4b:87:e0:b3,KAY-DT-03,2022-04-23 09:10:34.472735,2022-04-23 09:09:08.188844,44.73,27.577,7.45,success,noInfo,2.0,0x00,music-vmusic-V2.9,Lidar360P3.N3308.21.2_MSK11[34A]4[ABC]14_21.07_Feb202022.zip,4.206,4.988,0.962
noInfo,J19R3081H0H1,RV2520A0US,10B061100XXA0001AXX0100PP60XXXXX,Lidar360P3.N3308.21.2_MSK11[34A]4[ABC]14_21.07_Feb202022.zip,AC000W027157221,F0:B0:40:DD:34:60,8c:ec:4b:87:e0:b3,KAY-DT-03,2022-04-23 09:13:58.328915,2022-04-23 09:12:32.150878,44.746,27.486,7.806,success,noInfo,2.0,0x00,music-vmusic-V2.9,Lidar360P3.N3308.21.2_MSK11[34A]4[ABC]14_21.07_Feb202022.zip,3.963,5.088,1.014
noInfo,J19R3081H0A7,RV2520A0US,10B061100XXA0001AXX0100PP60XXXXX,Lidar360P3.N3308.21.2_MSK11[34A]4[ABC]14_21.07_Feb202022.zip,AC000W027157231,F0:B0:40:DD:07:61,8c:ec:4b:87:e0:b3,KAY-DT-03,2022-04-23 09:21:10.116111,2022-04-23 09:19:43.254562,44.959,27.471,7.486,success,noInfo,2.0,0x00,music-vmusic-V2.9,Lidar360P3.N3308.21.2_MSK11[34A]4[ABC]14_21.07_Feb202022.zip,4.285,5.081,1.127
noInfo,J19R3081H0Z5,RV2520A0US,10B061100XXA0001AXX0100PP60XXXXX,Lidar360P3.N3308.21.2_MSK11[34A]4[ABC]14_21.07_Feb202022.zip,AC000W027157236,F0:B0:40:75:24:5B,8c:ec:4b:87:e0:b3,KAY-DT-03,2022-04-23 09:23:31.394597,2022-04-23 09:22:06.084038,43.288,27.87,7.685,success,noInfo,2.0,0x00,music-vmusic-V2.9,Lidar360P3.N3308.21.2_MSK11[34A]4[ABC]14_21.07_Feb202022.zip,4.207,4.974,1.001
noInfo,J19R3081F9U8,RV2520A0US,10B061100XXA0001AXX0100PP60XXXXX,Lidar360P3.N3308.21.2_MSK11[34A]4[ABC]14_21.07_Feb202022.zip,AC000W027157243,F0:B0:40:75:19:98,8c:ec:4b:87:e0:b3,KAY-DT-03,2022-04-23 09:27:10.832767,2022-04-23 09:25:45.488833,43.147,27.664,7.593,success,noInfo,2.0,0x00,music-vmusic-V2.9,Lidar360P3.N3308.21.2_MSK11[34A]4[ABC]14_21.07_Feb202022.zip,4.434,5.252,1.016
noInfo,J19R3081F9U4,RV2520A0US,10B061100XXA0001AXX0100PP60XXXXX,Lidar360P3.N3308.21.2_MSK11[34A]4[ABC]14_21.07_Feb202022.zip,AC000W027157250,F0:B0:40:75:0D:18,8c:ec:4b:87:e0:b3,KAY-DT-03,2022-04-23 09:29:54.502859,2022-04-23 09:28:28.507698,44.147,27.299,7.645,success,noInfo,2.0,0x00,music-vmusic-V2.9,Lidar360P3.N3308.21.2_MSK11[34A]4[ABC]14_21.07_Feb202022.zip,4.573,5.005,1.051
noInfo,J19R3081F9U2,RV2520A0US,10B061100XXA0001AXX0100PP60XXXXX,Lidar360P3.N3308.21.2_MSK11[34A]4[ABC]14_21.07_Feb202022.zip,AC000W027157255,F0:B0:40:75:0D:1C,8c:ec:4b:87:e0:b3,KAY-DT-03,2022-04-23 09:31:50.868903,2022-04-23 09:30:25.508629,43.268,27.89,7.747,success,noInfo,2.0,0x00,music-vmusic-V2.9,Lidar360P3.N3308.21.2_MSK11[34A]4[ABC]14_21.07_Feb202022.zip,4.293,4.99,1.133
noInfo,J19R3081F9S7,RV2520A0US,10B061100XXA0001AXX0100PP60XXXXX,Lidar360P3.N3308.21.2_MSK11[34A]4[ABC]14_21.07_Feb202022.zip,AC000W027157262,F0:B0:40:75:19:AB,8c:ec:4b:87:e0:b3,KAY-DT-03,2022-04-23 09:34:49.446093,2022-04-23 09:33:25.263200,42.788,27.916,7.723,success,noInfo,2.0,0x00,music-vmusic-V2.9,Lidar360P3.N3308.21.2_MSK11[34A]4[ABC]14_21.07_Feb202022.zip,3.732,4.809,1.053
noInfo,J19R3081F9R6,RV2520A0US,10B061100XXA0001AXX0100PP60XXXXX,Lidar360P3.N3308.21.2_MSK11[34A]4[ABC]14_21.07_Feb202022.zip,AC000W027157268,F0:B0:40:DD:05:5C,8c:ec:4b:87:e0:b3,KAY-DT-03,2022-04-23 09:36:55.605128,2022-04-23 09:35:30.061689,43.151,27.944,7.884,success,noInfo,2.0,0x00,music-vmusic-V2.9,Lidar360P3.N3308.21.2_MSK11[34A]4[ABC]14_21.07_Feb202022.zip,4.612,4.945,1.023
noInfo,J19R3081F9Q5,RV2520A0US,10B061100XXA0001AXX0100PP60XXXXX,Lidar360P3.N3308.21.2_MSK11[34A]4[ABC]14_21.07_Feb202022.zip,AC000W027157273,F0:B0:40:DD:0B:4F,8c:ec:4b:87:e0:b3,KAY-DT-03,2022-04-23 09:38:48.689942,2022-04-23 09:37:23.702580,43.613,27.858,7.607,success,noInfo,2.0,0x00,music-vmusic-V2.9,Lidar360P3.N3308.21.2_MSK11[34A]4[ABC]14_21.07_Feb202022.zip,3.639,5.032,1.007
noInfo,J19R3081F9Q4,RV2520A0US,10B061100XXA0001AXX0100PP60XXXXX,Lidar360P3.N3308.21.2_MSK11[34A]4[ABC]14_21.07_Feb202022.zip,AC000W027157279,F0:B0:40:DD:08:25,8c:ec:4b:87:e0:b3,KAY-DT-03,2022-04-23 09:41:05.915981,2022-04-23 09:39:39.670293,44.689,27.242,7.689,success,noInfo,2.0,0x00,music-vmusic-V2.9,Lidar360P3.N3308.21.2_MSK11[34A]4[ABC]14_21.07_Feb202022.zip,4.325,5.03,1.0
noInfo,J19R3081F9K9,RV2520A0US,10B061100XXA0001AXX0100PP60XXXXX,Lidar360P3.N3308.21.2_MSK11[34A]4[ABC]14_21.07_Feb202022.zip,AC000W027157284,F0:B0:40:75:0E:48,8c:ec:4b:87:e0:b3,KAY-DT-03,2022-04-23 09:52:46.460836,2022-04-23 09:51:18.888654,45.119,28.072,7.729,success,noInfo,2.0,0x00,music-vmusic-V2.9,Lidar360P3.N3308.21.2_MSK11[34A]4[ABC]14_21.07_Feb202022.zip,4.584,4.846,1.041
noInfo,J19R3081F9K3,RV2520A0US,10B061100XXA0001AXX0100PP60XXXXX,Lidar360P3.N3308.21.2_MSK11[34A]4[ABC]14_21.07_Feb202022.zip,AC000W027157290,F0:B0:40:75:19:A6,8c:ec:4b:87:e0:b3,KAY-DT-03,2022-04-23 09:55:07.721865,2022-04-23 09:53:42.303584,44.382,27.166,7.503,success,noInfo,2.0,0x00,music-vmusic-V2.9,Lidar360P3.N3308.21.2_MSK11[34A]4[ABC]14_21.07_Feb202022.zip,3.738,4.959,1.125
noInfo,J19R3081F9K5,RV2520A0US,10B061100XXA0001AXX0100PP60XXXXX,Lidar360P3.N3308.21.2_MSK11[34A]4[ABC]14_21.07_Feb202022.zip,AC000W027157296,F0:B0:40:DC:EE:37,8c:ec:4b:87:e0:b3,KAY-DT-03,2022-04-23 09:57:28.843961,2022-04-23 09:56:04.349572,42.688,27.413,7.656,success,noInfo,2.0,0x00,music-vmusic-V2.9,Lidar360P3.N3308.21.2_MSK11[34A]4[ABC]14_21.07_Feb202022.zip,4.305,5.071,1.008
noInfo,J19R3081F9J8,RV2520A0US,10B061100XXA0001AXX0100PP60XXXXX,Lidar360P3.N3308.21.2_MSK11[34A]4[ABC]14_21.07_Feb202022.zip,AC000W027157302,F0:B0:40:DC:EF:34,8c:ec:4b:87:e0:b3,KAY-DT-03,2022-04-23 10:01:04.878972,2022-04-23 09:59:38.433368,43.961,27.809,7.748,success,noInfo,2.0,0x00,music-vmusic-V2.9,Lidar360P3.N3308.21.2_MSK11[34A]4[ABC]14_21.07_Feb202022.zip,4.663,5.019,0.996
noInfo,J19R3081F9H9,RV2520A0US,10B061100XXA0001AXX0100PP60XXXXX,Lidar360P3.N3308.21.2_MSK11[34A]4[ABC]14_21.07_Feb202022.zip,AC000W027157308,F0:B0:40:DC:D0:6E,8c:ec:4b:87:e0:b3,KAY-DT-03,2022-04-23 10:03:27.296051,2022-04-23 10:01:58.669704,44.715,27.903,7.681,success,noInfo,2.0,0x00,music-vmusic-V2.9,Lidar360P3.N3308.21.2_MSK11[34A]4[ABC]14_21.07_Feb202022.zip,5.348,5.494,1.079
noInfo,J19R3081F9H6,RV2520A0US,10B061100XXA0001AXX0100PP60XXXXX,Lidar360P3.N3308.21.2_MSK11[34A]4[ABC]14_21.07_Feb202022.zip,AC000W027157315,F0:B0:40:75:0E:10,8c:ec:4b:87:e0:b3,KAY-DT-03,2022-04-23 10:05:50.381008,2022-04-23 10:04:24.556929,44.029,27.768,7.803,success,noInfo,2.0,0x00,music-vmusic-V2.9,Lidar360P3.N3308.21.2_MSK11[34A]4[ABC]14_21.07_Feb202022.zip,4.107,4.981,0.993
noInfo,J19R3081F9F5,RV2520A0US,10B061100XXA0001AXX0100PP60XXXXX,Lidar360P3.N3308.21.2_MSK11[34A]4[ABC]14_21.07_Feb202022.zip,AC000W027157322,F0:B0:40:DD:0C:EA,8c:ec:4b:87:e0:b3,KAY-DT-03,2022-04-23 10:08:21.457399,2022-04-23 10:06:55.369021,43.372,28.009,7.548,success,noInfo,2.0,0x00,music-vmusic-V2.9,Lidar360P3.N3308.21.2_MSK11[34A]4[ABC]14_21.07_Feb202022.zip,4.544,4.921,1.03
noInfo,J19R3081F9K6,RV2520A0US,10B061100XXA0001AXX0100PP60XXXXX,Lidar360P3.N3308.21.2_MSK11[34A]4[ABC]14_21.07_Feb202022.zip,AC000W027157328,F0:B0:40:75:0C:5D,8c:ec:4b:87:e0:b3,KAY-DT-03,2022-04-23 10:10:54.712647,2022-04-23 10:09:28.728335,44.181,26.966,7.741,success,noInfo,2.0,0x00,music-vmusic-V2.9,Lidar360P3.N3308.21.2_MSK11[34A]4[ABC]14_21.07_Feb202022.zip,4.78,5.065,1.014
noInfo,J19R3081F9A8,RV2520A0US,10B061100XXA0001AXX0100PP60XXXXX,Lidar360P3.N3308.21.2_MSK11[34A]4[ABC]14_21.07_Feb202022.zip,AC000W027157337,F0:B0:40:DC:E1:88,8c:ec:4b:87:e0:b3,KAY-DT-03,2022-04-23 10:15:32.650870,2022-04-23 10:14:04.534185,45.641,27.418,7.716,success,noInfo,2.0,0x00,music-vmusic-V2.9,Lidar360P3.N3308.21.2_MSK11[34A]4[ABC]14_21.07_Feb202022.zip,4.871,5.152,1.278
noInfo,J19R3081F9A5,RV2520A0US,10B061100XXA0001AXX0100PP60XXXXX,Lidar360P3.N3308.21.2_MSK11[34A]4[ABC]14_21.07_Feb202022.zip,AC000W027157344,F0:B0:40:DD:0D:19,8c:ec:4b:87:e0:b3,KAY-DT-03,2022-04-23 10:18:28.010112,2022-04-23 10:17:02.180468,43.989,27.054,7.783,success,noInfo,2.0,0x00,music-vmusic-V2.9,Lidar360P3.N3308.21.2_MSK11[34A]4[ABC]14_21.07_Feb202022.zip,4.431,5.199,1.094
noInfo,J19R3081F9Z6,RV2520A0US,10B061100XXA0001AXX0100PP60XXXXX,Lidar360P3.N3308.21.2_MSK11[34A]4[ABC]14_21.07_Feb202022.zip,AC000W027157349,F0:B0:40:DD:0C:B4,8c:ec:4b:87:e0:b3,KAY-DT-03,2022-04-23 10:20:45.345685,2022-04-23 10:19:19.572463,42.762,28.502,7.55,success,noInfo,2.0,0x00,music-vmusic-V2.9,Lidar360P3.N3308.21.2_MSK11[34A]4[ABC]14_21.07_Feb202022.zip,4.602,4.944,1.11
noInfo,J19R3081F8U8,RV2520A0US,10B061100XXA0001AXX0100PP60XXXXX,Lidar360P3.N3308.21.2_MSK11[34A]4[ABC]14_21.07_Feb202022.zip,AC000W027157357,F0:B0:40:DD:08:62,8c:ec:4b:87:e0:b3,KAY-DT-03,2022-04-23 10:23:11.204646,2022-04-23 10:21:45.975383,43.511,27.264,7.655,success,noInfo,2.0,0x00,music-vmusic-V2.9,Lidar360P3.N3308.21.2_MSK11[34A]4[ABC]14_21.07_Feb202022.zip,4.58,4.903,1.028
noInfo,J19R3081F8S9,RV2520A0US,10B061100XXA0001AXX0100PP60XXXXX,Lidar360P3.N3308.21.2_MSK11[34A]4[ABC]14_21.07_Feb202022.zip,AC000W027157364,F0:B0:40:DC:EF:A5,8c:ec:4b:87:e0:b3,KAY-DT-03,2022-04-23 10:26:56.777464,2022-04-23 10:25:29.685921,45.286,27.278,7.573,success,noInfo,2.0,0x00,music-vmusic-V2.9,Lidar360P3.N3308.21.2_MSK11[34A]4[ABC]14_21.07_Feb202022.zip,4.568,5.031,1.013
noInfo,J19R3081F8S1,RV2520A0US,10B061100XXA0001AXX0100PP60XXXXX,Lidar360P3.N3308.21.2_MSK11[34A]4[ABC]14_21.07_Feb202022.zip,None_J19R3081F8S1,,8c:ec:4b:87:e0:b3,KAY-DT-03,2022-04-23 10:28:53.569622,2022-04-23 10:27:52.842291,44.048,2.8,7.68,failed,noInfo,1.0,,music-vmusic-V2.9,Lidar360P3.N3308.21.2_MSK11[34A]4[ABC]14_21.07_Feb202022.zip,4.568,5.031,1.006
noInfo,J19R3081F8S3,RV2520A0US,10B061100XXA0001AXX0100PP60XXXXX,Lidar360P3.N3308.21.2_MSK11[34A]4[ABC]14_21.07_Feb202022.zip,AC000W027157377,F0:B0:40:DD:09:5A,8c:ec:4b:87:e0:b3,KAY-DT-03,2022-04-23 10:31:41.710345,2022-04-23 10:30:14.594739,44.592,27.494,7.809,success,noInfo,2.0,0x00,music-vmusic-V2.9,Lidar360P3.N3308.21.2_MSK11[34A]4[ABC]14_21.07_Feb202022.zip,4.815,5.236,1.029
noInfo,J19R3081H0Q6,RV2520A0US,10B061100XXA0001AXX0100PP60XXXXX,Lidar360P3.N3308.21.2_MSK11[34A]4[ABC]14_21.07_Feb202022.zip,AC000W027157383,F0:B0:40:75:18:66,8c:ec:4b:87:e0:b3,KAY-DT-03,2022-04-23 10:34:13.753675,2022-04-23 10:32:47.854570,44.33,27.259,7.625,success,noInfo,2.0,0x00,music-vmusic-V2.9,Lidar360P3.N3308.21.2_MSK11[34A]4[ABC]14_21.07_Feb202022.zip,4.394,4.897,1.035
noInfo,J19R3081H0F7,RV2520A0US,10B061100XXA0001AXX0100PP60XXXXX,Lidar360P3.N3308.21.2_MSK11[34A]4[ABC]14_21.07_Feb202022.zip,AC000W027157389,F0:B0:40:75:24:3C,8c:ec:4b:87:e0:b3,KAY-DT-03,2022-04-23 10:36:32.711415,2022-04-23 10:35:07.107317,43.399,27.588,7.598,success,noInfo,2.0,0x00,music-vmusic-V2.9,Lidar360P3.N3308.21.2_MSK11[34A]4[ABC]14_21.07_Feb202022.zip,4.915,4.862,1.0
noInfo,J19R3081F8R3,RV2520A0US,10B061100XXA0001AXX0100PP60XXXXX,Lidar360P3.N3308.21.2_MSK11[34A]4[ABC]14_21.07_Feb202022.zip,AC000W027157394,F0:B0:40:DD:0D:1A,8c:ec:4b:87:e0:b3,KAY-DT-03,2022-04-23 10:38:27.060983,2022-04-23 10:37:00.571263,44.193,28.096,7.58,success,noInfo,2.0,0x00,music-vmusic-V2.9,Lidar360P3.N3308.21.2_MSK11[34A]4[ABC]14_21.07_Feb202022.zip,4.15,5.097,0.972
noInfo,J19R3081F8Q8,RV2520A0US,10B061100XXA0001AXX0100PP60XXXXX,Lidar360P3.N3308.21.2_MSK11[34A]4[ABC]14_21.07_Feb202022.zip,AC000W027157400,5C:C5:63:42:2B:E1,8c:ec:4b:87:e0:b3,KAY-DT-03,2022-04-23 10:41:25.197674,2022-04-23 10:39:57.556337,44.898,27.072,7.607,success,noInfo,2.0,0x00,music-vmusic-V2.9,Lidar360P3.N3308.21.2_MSK11[34A]4[ABC]14_21.07_Feb202022.zip,5.256,5.039,1.123
noInfo,J19R3081F8Q1,RV2520A0US,10B061100XXA0001AXX0100PP60XXXXX,Lidar360P3.N3308.21.2_MSK11[34A]4[ABC]14_21.07_Feb202022.zip,AC000W027157405,5C:C5:63:42:2C:42,8c:ec:4b:87:e0:b3,KAY-DT-03,2022-04-23 10:43:16.247243,2022-04-23 10:41:52.072422,43.897,26.778,7.634,success,noInfo,2.0,0x00,music-vmusic-V2.9,Lidar360P3.N3308.21.2_MSK11[34A]4[ABC]14_21.07_Feb202022.zip,3.848,4.835,1.019
noInfo,J19R3081H1R7,RV2520A0US,10B061100XXA0001AXX0100PP60XXXXX,Lidar360P3.N3308.21.2_MSK11[34A]4[ABC]14_21.07_Feb202022.zip,AC000W027157410,F0:B0:40:75:23:4C,8c:ec:4b:87:e0:b3,KAY-DT-03,2022-04-23 10:45:54.225855,2022-04-23 10:44:28.562282,43.548,27.909,7.58,success,noInfo,2.0,0x00,music-vmusic-V2.9,Lidar360P3.N3308.21.2_MSK11[34A]4[ABC]14_21.07_Feb202022.zip,4.23,4.865,0.99
noInfo,J19R3081F8J8,RV2520A0US,10B061100XXA0001AXX0100PP60XXXXX,Lidar360P3.N3308.21.2_MSK11[34A]4[ABC]14_21.07_Feb202022.zip,AC000W027157423,F0:B0:40:DD:34:0B,8c:ec:4b:87:e0:b3,KAY-DT-03,2022-04-23 10:52:47.846438,2022-04-23 10:51:18.124402,46.205,28.903,7.748,success,noInfo,2.0,0x00,music-vmusic-V2.9,Lidar360P3.N3308.21.2_MSK11[34A]4[ABC]14_21.07_Feb202022.zip,4.769,4.725,1.012
noInfo,J19R3081F8J0,RV2520A0US,10B061100XXA0001AXX0100PP60XXXXX,Lidar360P3.N3308.21.2_MSK11[34A]4[ABC]14_21.07_Feb202022.zip,AC000W027157428,F0:B0:40:DC:CF:42,8c:ec:4b:87:e0:b3,KAY-DT-03,2022-04-23 10:54:45.013177,2022-04-23 10:53:17.174404,45.3,27.6,7.543,success,noInfo,2.0,0x00,music-vmusic-V2.9,Lidar360P3.N3308.21.2_MSK11[34A]4[ABC]14_21.07_Feb202022.zip,4.649,5.446,1.032
noInfo,J19R3081F8K5,RV2520A0US,10B061100XXA0001AXX0100PP60XXXXX,Lidar360P3.N3308.21.2_MSK11[34A]4[ABC]14_21.07_Feb202022.zip,AC000W027157434,F0:B0:40:74:FE:71,8c:ec:4b:87:e0:b3,KAY-DT-03,2022-04-23 10:57:00.386292,2022-04-23 10:55:36.103724,42.438,27.319,7.674,success,noInfo,2.0,0x00,music-vmusic-V2.9,Lidar360P3.N3308.21.2_MSK11[34A]4[ABC]14_21.07_Feb202022.zip,4.883,4.755,0.995
noInfo,J19R3081F8F4,RV2520A0US,10B061100XXA0001AXX0100PP60XXXXX,Lidar360P3.N3308.21.2_MSK11[34A]4[ABC]14_21.07_Feb202022.zip,AC000W027157447,5C:C5:63:42:29:11,8c:ec:4b:87:e0:b3,KAY-DT-03,2022-04-23 11:04:05.970668,2022-04-23 11:02:40.261258,43.717,27.716,7.51,success,noInfo,2.0,0x00,music-vmusic-V2.9,Lidar360P3.N3308.21.2_MSK11[34A]4[ABC]14_21.07_Feb202022.zip,4.35,4.828,1.227
noInfo,J19R3081F8A1,RV2520A0US,10B061100XXA0001AXX0100PP60XXXXX,Lidar360P3.N3308.21.2_MSK11[34A]4[ABC]14_21.07_Feb202022.zip,AC000W027157457,5C:C5:63:42:29:ED,8c:ec:4b:87:e0:b3,KAY-DT-03,2022-04-23 11:08:28.540916,2022-04-23 11:07:00.100874,45.029,27.622,7.523,success,noInfo,2.0,0x00,music-vmusic-V2.9,Lidar360P3.N3308.21.2_MSK11[34A]4[ABC]14_21.07_Feb202022.zip,5.473,5.332,1.074
noInfo,J19R3081F8Z3,RV2520A0US,10B061100XXA0001AXX0100PP60XXXXX,Lidar360P3.N3308.21.2_MSK11[34A]4[ABC]14_21.07_Feb202022.zip,AC000W027157463,F0:B0:40:DD:08:56,8c:ec:4b:87:e0:b3,KAY-DT-03,2022-04-23 11:10:49.323694,2022-04-23 11:09:23.792190,43.476,28.022,7.783,success,noInfo,2.0,0x00,music-vmusic-V2.9,Lidar360P3.N3308.21.2_MSK11[34A]4[ABC]14_21.07_Feb202022.zip,4.209,4.768,1.012
noInfo,J19R3081F8Z4,RV2520A0US,10B061100XXA0001AXX0100PP60XXXXX,Lidar360P3.N3308.21.2_MSK11[34A]4[ABC]14_21.07_Feb202022.zip,AC000W027157469,F0:B0:40:75:20:03,8c:ec:4b:87:e0:b3,KAY-DT-03,2022-04-23 11:13:06.133692,2022-04-23 11:11:40.353405,44.016,27.282,7.769,success,noInfo,2.0,0x00,music-vmusic-V2.9,Lidar360P3.N3308.21.2_MSK11[34A]4[ABC]14_21.07_Feb202022.zip,4.529,5.077,0.994
noInfo,J19R3081F7U1,RV2520A0US,10B061100XXA0001AXX0100PP60XXXXX,Lidar360P3.N3308.21.2_MSK11[34A]4[ABC]14_21.07_Feb202022.zip,AC000W027157474,F0:B0:40:74:FE:BB,8c:ec:4b:87:e0:b3,KAY-DT-03,2022-04-23 11:15:24.343664,2022-04-23 11:13:58.806194,43.743,27.337,7.691,success,noInfo,2.0,0x00,music-vmusic-V2.9,Lidar360P3.N3308.21.2_MSK11[34A]4[ABC]14_21.07_Feb202022.zip,4.109,5.196,1.105
noInfo,J19R3081F7S6,RV2520A0US,10B061100XXA0001AXX0100PP60XXXXX,Lidar360P3.N3308.21.2_MSK11[34A]4[ABC]14_21.07_Feb202022.zip,AC000W027157481,5C:C5:63:42:28:32,8c:ec:4b:87:e0:b3,KAY-DT-03,2022-04-23 11:17:44.765925,2022-04-23 11:16:18.449994,43.272,27.885,7.865,success,noInfo,2.0,0x00,music-vmusic-V2.9,Lidar360P3.N3308.21.2_MSK11[34A]4[ABC]14_21.07_Feb202022.zip,4.882,5.361,0.995
noInfo,J19R3081F9Z5,RV2520A0US,10B061100XXA0001AXX0100PP60XXXXX,Lidar360P3.N3308.21.2_MSK11[34A]4[ABC]14_21.07_Feb202022.zip,AC000W027157489,F0:B0:40:DD:08:AC,8c:ec:4b:87:e0:b3,KAY-DT-03,2022-04-23 11:20:57.826747,2022-04-23 11:19:31.434241,44.379,27.333,7.479,success,noInfo,2.0,0x00,music-vmusic-V2.9,Lidar360P3.N3308.21.2_MSK11[34A]4[ABC]14_21.07_Feb202022.zip,4.474,5.387,1.008
noInfo,J19R3081F7R5,RV2520A0US,10B061100XXA0001AXX0100PP60XXXXX,Lidar360P3.N3308.21.2_MSK11[34A]4[ABC]14_21.07_Feb202022.zip,AC000W027157494,5C:C5:63:42:29:67,8c:ec:4b:87:e0:b3,KAY-DT-03,2022-04-23 11:23:26.137136,2022-04-23 11:21:59.994915,43.949,28.008,7.662,success,noInfo,2.0,0x00,music-vmusic-V2.9,Lidar360P3.N3308.21.2_MSK11[34A]4[ABC]14_21.07_Feb202022.zip,4.274,5.062,1.032
noInfo,J19R3081F7R2,RV2520A0US,10B061100XXA0001AXX0100PP60XXXXX,Lidar360P3.N3308.21.2_MSK11[34A]4[ABC]14_21.07_Feb202022.zip,AC000W027157502,5C:C5:63:42:2A:03,8c:ec:4b:87:e0:b3,KAY-DT-03,2022-04-23 11:26:22.770144,2022-04-23 11:24:56.193395,43.777,27.494,7.631,success,noInfo,2.0,0x00,music-vmusic-V2.9,Lidar360P3.N3308.21.2_MSK11[34A]4[ABC]14_21.07_Feb202022.zip,5.157,5.142,1.106
noInfo,J19R3081H0A3,RV2520A0US,10B061100XXA0001AXX0100PP60XXXXXhttp://www.registeryourshark.com/reg/?m=RV2520A0US,Lidar360P3.N3308.21.2_MSK11[34A]4[ABC]14_21.07_Feb202022.zip,None_J19R3081H0A3,,8c:ec:4b:87:e0:b3,KAY-DT-03,2022-04-23 11:34:08.150886,2022-04-23 11:33:29.580282,106.861,,2.898,failed,noInfo,,,music-vmusic-V2.9,Lidar360P3.N3308.21.2_MSK11[34A]4[ABC]14_21.07_Feb202022.zip,None,None,1.022
noInfo,J19R3081H0A3,RV2520A0US,10B061100XXA0001AXX0100PP60XXXXX,Lidar360P3.N3308.21.2_MSK11[34A]4[ABC]14_21.07_Feb202022.zip,AC000W027157526,F0:B0:40:DC:E0:AB,8c:ec:4b:87:e0:b3,KAY-DT-03,2022-04-23 11:36:08.236942,2022-04-23 11:34:39.287619,44.026,27.372,2.903,success,noInfo,2.0,0x00,music-vmusic-V2.9,Lidar360P3.N3308.21.2_MSK11[34A]4[ABC]14_21.07_Feb202022.zip,4.977,5.476,1.021
noInfo,J19R3081F7H9,RV2520A0US,10B061100XXA0001AXX0100PP60XXXXX,Lidar360P3.N3308.21.2_MSK11[34A]4[ABC]14_21.07_Feb202022.zip,AC000W027157535,5C:C5:63:42:2C:38,8c:ec:4b:87:e0:b3,KAY-DT-03,2022-04-23 11:40:23.563178,2022-04-23 11:38:56.179120,44.572,27.669,7.598,success,noInfo,2.0,0x00,music-vmusic-V2.9,Lidar360P3.N3308.21.2_MSK11[34A]4[ABC]14_21.07_Feb202022.zip,4.411,5.546,1.021
noInfo,J19R3081F7H6,RV2520A0US,10B061100XXA0001AXX0100PP60XXXXX,Lidar360P3.N3308.21.2_MSK11[34A]4[ABC]14_21.07_Feb202022.zip,AC000W027157541,5C:C5:63:42:29:79,8c:ec:4b:87:e0:b3,KAY-DT-03,2022-04-23 11:42:59.507003,2022-04-23 11:41:33.667646,43.161,28.157,7.584,success,noInfo,2.0,0x00,music-vmusic-V2.9,Lidar360P3.N3308.21.2_MSK11[34A]4[ABC]14_21.07_Feb202022.zip,4.381,5.24,1.001
noInfo,J19R3081F7H0,RV2520A0US,10B061100XXA0001AXX0100PP60XXXXX,Lidar360P3.N3308.21.2_MSK11[34A]4[ABC]14_21.07_Feb202022.zip,AC000W027157547,F0:B0:40:DC:CF:83,8c:ec:4b:87:e0:b3,KAY-DT-03,2022-04-23 11:45:10.296676,2022-04-23 11:43:44.745190,43.343,27.761,7.511,success,noInfo,2.0,0x00,music-vmusic-V2.9,Lidar360P3.N3308.21.2_MSK11[34A]4[ABC]14_21.07_Feb202022.zip,4.698,4.83,1.015
noInfo,J19R3081F7F0,RV2520A0US,10B061100XXA0001AXX0100PP60XXXXX,Lidar360P3.N3308.21.2_MSK11[34A]4[ABC]14_21.07_Feb202022.zip,AC000W027157553,5C:C5:63:42:29:62,8c:ec:4b:87:e0:b3,KAY-DT-03,2022-04-23 11:47:40.900216,2022-04-23 11:46:14.295141,43.888,28.165,7.502,success,noInfo,2.0,0x00,music-vmusic-V2.9,Lidar360P3.N3308.21.2_MSK11[34A]4[ABC]14_21.07_Feb202022.zip,4.655,4.9,1.054
noInfo,J19R3081F7F5,RV2520A0US,10B061100XXA0001AXX0100PP60XXXXX,Lidar360P3.N3308.21.2_MSK11[34A]4[ABC]14_21.07_Feb202022.zip,AC000W027157559,F0:B0:40:DC:CF:6B,8c:ec:4b:87:e0:b3,KAY-DT-03,2022-04-23 11:50:12.842925,2022-04-23 11:48:46.145322,44.075,27.321,7.497,success,noInfo,2.0,0x00,music-vmusic-V2.9,Lidar360P3.N3308.21.2_MSK11[34A]4[ABC]14_21.07_Feb202022.zip,5.365,5.013,1.018
noInfo,J19R3081F7Z7,RV2520A0US,10B061100XXA0001AXX0100PP60XXXXX,Lidar360P3.N3308.21.2_MSK11[34A]4[ABC]14_21.07_Feb202022.zip,AC000W027157565,5C:C5:63:42:2C:8F,8c:ec:4b:87:e0:b3,KAY-DT-03,2022-04-23 11:52:06.694688,2022-04-23 11:50:41.491169,42.825,27.65,7.599,success,noInfo,2.0,0x00,music-vmusic-V2.9,Lidar360P3.N3308.21.2_MSK11[34A]4[ABC]14_21.07_Feb202022.zip,5.142,4.695,1.01
noInfo,J19R3081F6U9,RV2520A0US,10B061100XXA0001AXX0100PP60XXXXX,Lidar360P3.N3308.21.2_MSK11[34A]4[ABC]14_21.07_Feb202022.zip,AC000W027157577,5C:C5:63:42:2D:61,8c:ec:4b:87:e0:b3,KAY-DT-03,2022-04-23 11:56:57.955385,2022-04-23 11:55:29.853021,45.647,27.693,7.582,success,noInfo,2.0,0x00,music-vmusic-V2.9,Lidar360P3.N3308.21.2_MSK11[34A]4[ABC]14_21.07_Feb202022.zip,4.883,4.806,1.013
noInfo,J19R3081F6U0,RV2520A0US,10B061100XXA0001AXX0100PP60XXXXX,Lidar360P3.N3308.21.2_MSK11[34A]4[ABC]14_21.07_Feb202022.zip,AC000W027157583,5C:C5:63:42:2C:D4,8c:ec:4b:87:e0:b3,KAY-DT-03,2022-04-23 11:59:33.463603,2022-04-23 11:58:06.458030,44.335,27.604,7.607,success,noInfo,2.0,0x00,music-vmusic-V2.9,Lidar360P3.N3308.21.2_MSK11[34A]4[ABC]14_21.07_Feb202022.zip,4.778,5.247,0.99
noInfo,J19R3081F6S2,RV2520A0US,10B061100XXA0001AXX0100PP60XXXXX,Lidar360P3.N3308.21.2_MSK11[34A]4[ABC]14_21.07_Feb202022.zip,AC000W027157591,F0:B0:40:75:04:A0,8c:ec:4b:87:e0:b3,KAY-DT-03,2022-04-23 13:33:15.556403,2022-04-23 13:31:49.781853,43.617,27.646,7.916,success,noInfo,2.0,0x00,music-vmusic-V2.9,Lidar360P3.N3308.21.2_MSK11[34A]4[ABC]14_21.07_Feb202022.zip,4.162,4.845,0.996
noInfo,J19R3081F6R3,RV2520A0US,10B061100XXA0001AXX0100PP60XXXXX,Lidar360P3.N3308.21.2_MSK11[34A]4[ABC]14_21.07_Feb202022.zip,AC000W027157597,5C:C5:63:42:28:33,8c:ec:4b:87:e0:b3,KAY-DT-03,2022-04-23 13:35:57.145381,2022-04-23 13:34:31.581940,43.844,27.535,7.495,success,noInfo,2.0,0x00,music-vmusic-V2.9,Lidar360P3.N3308.21.2_MSK11[34A]4[ABC]14_21.07_Feb202022.zip,4.307,4.802,1.008
noInfo,J19R3081F6R1,RV2520A0US,10B061100XXA0001AXX0100PP60XXXXX,Lidar360P3.N3308.21.2_MSK11[34A]4[ABC]14_21.07_Feb202022.zip,None_J19R3081F6R1,,8c:ec:4b:87:e0:b3,KAY-DT-03,2022-04-23 13:40:25.203433,2022-04-23 13:36:51.362525,210.164,27.535,7.535,failed,noInfo,,,music-vmusic-V2.9,Lidar360P3.N3308.21.2_MSK11[34A]4[ABC]14_21.07_Feb202022.zip,4.307,4.802,1.142
noInfo,J19R3081F6R1,RV2520A0US,10B061100XXA0001AXX0100PP60XXXXX,Lidar360P3.N3308.21.2_MSK11[34A]4[ABC]14_21.07_Feb202022.zip,AC000W027157609,5C:C5:63:42:2B:F9,8c:ec:4b:87:e0:b3,KAY-DT-03,2022-04-23 13:42:18.628515,2022-04-23 13:40:59.214505,37.736,27.301,2.91,success,noInfo,2.0,0x00,music-vmusic-V2.9,Lidar360P3.N3308.21.2_MSK11[34A]4[ABC]14_21.07_Feb202022.zip,3.897,5.382,1.012
noInfo,J19R3081F6K9,RV2520A0US,10B061100XXA0001AXX0100PP60XXXXX,Lidar360P3.N3308.21.2_MSK11[34A]4[ABC]14_21.07_Feb202022.zip,AC000W027157616,F0:B0:40:75:0C:33,8c:ec:4b:87:e0:b3,KAY-DT-03,2022-04-23 13:45:32.095245,2022-04-23 13:44:05.815032,43.093,27.886,7.503,success,noInfo,2.0,0x00,music-vmusic-V2.9,Lidar360P3.N3308.21.2_MSK11[34A]4[ABC]14_21.07_Feb202022.zip,5.164,5.2,1.015
noInfo,J19R3081F6K0,RV2520A0US,10B061100XXA0001AXX0100PP60XXXXX,Lidar360P3.N3308.21.2_MSK11[34A]4[ABC]14_21.07_Feb202022.zip,AC000W027157621,F0:B0:40:75:20:1F,8c:ec:4b:87:e0:b3,KAY-DT-03,2022-04-23 13:47:32.825337,2022-04-23 13:46:05.652074,45.561,27.323,7.498,success,noInfo,2.0,0x00,music-vmusic-V2.9,Lidar360P3.N3308.21.2_MSK11[34A]4[ABC]14_21.07_Feb202022.zip,4.506,4.968,0.992
noInfo,J19R3081F6H8,RV2520A0US,10B061100XXA0001AXX0100PP60XXXXX,Lidar360P3.N3308.21.2_MSK11[34A]4[ABC]14_21.07_Feb202022.zip,AC000W027157634,F0:B0:40:DD:09:BC,8c:ec:4b:87:e0:b3,KAY-DT-03,2022-04-23 13:53:52.498080,2022-04-23 13:52:25.138031,45.269,27.587,7.666,success,noInfo,2.0,0x00,music-vmusic-V2.9,Lidar360P3.N3308.21.2_MSK11[34A]4[ABC]14_21.07_Feb202022.zip,4.628,4.875,1.032
noInfo,J19R3081F6H0,RV2520A0US,10B061100XXA0001AXX0100PP60XXXXX,Lidar360P3.N3308.21.2_MSK11[34A]4[ABC]14_21.07_Feb202022.zip,AC000W027157641,F0:B0:40:DD:0C:A1,8c:ec:4b:87:e0:b3,KAY-DT-03,2022-04-23 13:56:44.895385,2022-04-23 13:55:19.627021,42.956,28.178,7.818,success,noInfo,2.0,0x00,music-vmusic-V2.9,Lidar360P3.N3308.21.2_MSK11[34A]4[ABC]14_21.07_Feb202022.zip,4.263,4.864,1.001
noInfo,J19R3081F6F2,RV2520A0US,10B061100XXA0001AXX0100PP60XXXXX,Lidar360P3.N3308.21.2_MSK11[34A]4[ABC]14_21.07_Feb202022.zip,AC000W027157648,F0:B0:40:DD:08:8A,8c:ec:4b:87:e0:b3,KAY-DT-03,2022-04-23 13:59:31.669422,2022-04-23 13:58:05.596278,44.101,27.557,7.705,success,noInfo,2.0,0x00,music-vmusic-V2.9,Lidar360P3.N3308.21.2_MSK11[34A]4[ABC]14_21.07_Feb202022.zip,4.503,4.961,1.007
noInfo,J19R3081F6A5,RV2520A0US,10B061100XXA0001AXX0100PP60XXXXX,Lidar360P3.N3308.21.2_MSK11[34A]4[ABC]14_21.07_Feb202022.zip,AC000W027157654,5C:C5:63:42:29:AD,8c:ec:4b:87:e0:b3,KAY-DT-03,2022-04-23 14:02:14.650423,2022-04-23 14:00:47.900603,43.945,27.703,7.671,success,noInfo,2.0,0x00,music-vmusic-V2.9,Lidar360P3.N3308.21.2_MSK11[34A]4[ABC]14_21.07_Feb202022.zip,4.68,5.009,1.003
noInfo,J19R3081F6F3,RV2520A0US,10B061100XXA0001AXX0100PP60XXXXX,Lidar360P3.N3308.21.2_MSK11[34A]4[ABC]14_21.07_Feb202022.zip,AC000W027157659,F0:B0:40:DD:08:D9,8c:ec:4b:87:e0:b3,KAY-DT-03,2022-04-23 14:04:43.326427,2022-04-23 14:03:15.789025,44.201,27.691,7.724,success,noInfo,2.0,0x00,music-vmusic-V2.9,Lidar360P3.N3308.21.2_MSK11[34A]4[ABC]14_21.07_Feb202022.zip,5.28,5.329,1.12
noInfo,J19R3081F6Z7,RV2520A0US,10B061100XXA0001AXX0100PP60XXXXX,Lidar360P3.N3308.21.2_MSK11[34A]4[ABC]14_21.07_Feb202022.zip,AC000W027157665,F0:B0:40:75:0C:66,8c:ec:4b:87:e0:b3,KAY-DT-03,2022-04-23 14:07:05.737694,2022-04-23 14:05:37.952017,45.158,27.493,7.645,success,noInfo,2.0,0x00,music-vmusic-V2.9,Lidar360P3.N3308.21.2_MSK11[34A]4[ABC]14_21.07_Feb202022.zip,5.22,4.826,1.028
noInfo,J19R3081F5U9,RV2520A0US,10B061100XXA0001AXX0100PP60XXXXX,Lidar360P3.N3308.21.2_MSK11[34A]4[ABC]14_21.07_Feb202022.zip,AC000W027157670,F0:B0:40:DD:00:05,8c:ec:4b:87:e0:b3,KAY-DT-03,2022-04-23 14:09:39.716727,2022-04-23 14:08:13.131400,44.154,27.567,7.612,success,noInfo,2.0,0x00,music-vmusic-V2.9,Lidar360P3.N3308.21.2_MSK11[34A]4[ABC]14_21.07_Feb202022.zip,4.412,5.502,1.013
noInfo,J19R3081F5S9,RV2520A0US,10B061100XXA0001AXX0100PP60XXXXX,Lidar360P3.N3308.21.2_MSK11[34A]4[ABC]14_21.07_Feb202022.zip,AC000W027157675,F0:B0:40:DD:00:56,8c:ec:4b:87:e0:b3,KAY-DT-03,2022-04-23 14:12:49.655410,2022-04-23 14:11:22.942954,43.528,28.417,7.629,success,noInfo,2.0,0x00,music-vmusic-V2.9,Lidar360P3.N3308.21.2_MSK11[34A]4[ABC]14_21.07_Feb202022.zip,4.874,4.793,1.051
noInfo,J19R3081F5S7,RV2520A0US,10B061100XXA0001AXX0100PP60XXXXX,Lidar360P3.N3308.21.2_MSK11[34A]4[ABC]14_21.07_Feb202022.zip,AC000W027157680,F0:B0:40:DC:B9:D2,8c:ec:4b:87:e0:b3,KAY-DT-03,2022-04-23 14:14:47.851043,2022-04-23 14:13:16.895581,47.473,28.004,7.51,success,noInfo,2.0,0x00,music-vmusic-V2.9,Lidar360P3.N3308.21.2_MSK11[34A]4[ABC]14_21.07_Feb202022.zip,5.081,5.365,1.013
noInfo,J19R3081F5S1,RV2520A0US,10B061100XXA0001AXX0100PP60XXXXX,Lidar360P3.N3308.21.2_MSK11[34A]4[ABC]14_21.07_Feb202022.zip,AC000W027157685,5C:C5:63:42:29:FE,8c:ec:4b:87:e0:b3,KAY-DT-03,2022-04-23 14:16:43.452815,2022-04-23 14:15:16.578183,44.009,27.326,7.675,success,noInfo,2.0,0x00,music-vmusic-V2.9,Lidar360P3.N3308.21.2_MSK11[34A]4[ABC]14_21.07_Feb202022.zip,5.322,5.271,1.016
noInfo,J19R3081F5R6,RV2520A0US,10B061100XXA0001AXX0100PP60XXXXX,Lidar360P3.N3308.21.2_MSK11[34A]4[ABC]14_21.07_Feb202022.zip,AC000W027157693,F0:B0:40:74:C1:E3,8c:ec:4b:87:e0:b3,KAY-DT-03,2022-04-23 14:20:07.857288,2022-04-23 14:18:41.563914,45.289,27.018,7.806,success,noInfo,2.0,0x00,music-vmusic-V2.9,Lidar360P3.N3308.21.2_MSK11[34A]4[ABC]14_21.07_Feb202022.zip,4.072,4.926,1.017
noInfo,J19R3081F5Q6,RV2520A0US,10B061100XXA0001AXX0100PP60XXXXX,Lidar360P3.N3308.21.2_MSK11[34A]4[ABC]14_21.07_Feb202022.zip,AC000W027157698,F0:B0:40:74:C2:1D,8c:ec:4b:87:e0:b3,KAY-DT-03,2022-04-23 14:21:51.764364,2022-04-23 14:20:25.181201,43.77,27.758,7.827,success,noInfo,2.0,0x00,music-vmusic-V2.9,Lidar360P3.N3308.21.2_MSK11[34A]4[ABC]14_21.07_Feb202022.zip,4.879,5.288,0.994
noInfo,J19R3081F5Q2,RV2520A0US,10B061100XXA0001AXX0100PP60XXXXX,Lidar360P3.N3308.21.2_MSK11[34A]4[ABC]14_21.07_Feb202022.zip,AC000W027157703,F0:B0:40:75:23:6C,8c:ec:4b:87:e0:b3,KAY-DT-03,2022-04-23 14:24:26.315354,2022-04-23 14:22:58.768433,45.128,28.025,7.691,success,noInfo,2.0,0x00,music-vmusic-V2.9,Lidar360P3.N3308.21.2_MSK11[34A]4[ABC]14_21.07_Feb202022.zip,4.244,5.149,1.008
noInfo,J19R3081F5U2,RV2520A0US,10B061100XXA0001AXX0100PP60XXXXX,Lidar360P3.N3308.21.2_MSK11[34A]4[ABC]14_21.07_Feb202022.zip,AC000W027157711,F0:B0:40:DC:B9:E7,8c:ec:4b:87:e0:b3,KAY-DT-03,2022-04-23 14:26:51.035577,2022-04-23 14:25:25.396739,43.602,27.894,7.48,success,noInfo,2.0,0x00,music-vmusic-V2.9,Lidar360P3.N3308.21.2_MSK11[34A]4[ABC]14_21.07_Feb202022.zip,4.194,4.951,1.026
noInfo,J19R3081F6A7,RV2520A0US,10B061100XXA0001AXX0100PP60XXXXX,Lidar360P3.N3308.21.2_MSK11[34A]4[ABC]14_21.07_Feb202022.zip,AC000W027157716,F0:B0:40:DC:E4:A6,8c:ec:4b:87:e0:b3,KAY-DT-03,2022-04-23 14:28:44.371409,2022-04-23 14:27:17.701470,42.567,28.272,7.663,success,noInfo,2.0,0x00,music-vmusic-V2.9,Lidar360P3.N3308.21.2_MSK11[34A]4[ABC]14_21.07_Feb202022.zip,5.752,5.117,0.996
noInfo,J19R3081F5J6,RV2520A0US,10B061100XXA0001AXX0100PP60XXXXX,Lidar360P3.N3308.21.2_MSK11[34A]4[ABC]14_21.07_Feb202022.zip,AC000W027157724,F0:B0:40:75:00:84,8c:ec:4b:87:e0:b3,KAY-DT-03,2022-04-23 14:32:04.650378,2022-04-23 14:30:39.269256,43.185,27.431,7.753,success,noInfo,2.0,0x00,music-vmusic-V2.9,Lidar360P3.N3308.21.2_MSK11[34A]4[ABC]14_21.07_Feb202022.zip,4.908,4.937,1.164
noInfo,J19R3081F5H7,RV2520A0US,10B061100XXA0001AXX0100PP60XXXXX,Lidar360P3.N3308.21.2_MSK11[34A]4[ABC]14_21.07_Feb202022.zip,AC000W027157731,F0:B0:40:75:00:5B,8c:ec:4b:87:e0:b3,KAY-DT-03,2022-04-23 14:34:34.362492,2022-04-23 14:33:09.032853,42.525,27.824,7.612,success,noInfo,2.0,0x00,music-vmusic-V2.9,Lidar360P3.N3308.21.2_MSK11[34A]4[ABC]14_21.07_Feb202022.zip,5.192,4.839,1.049
noInfo,J19R3081F5H6,RV2520A0US,10B061100XXA0001AXX0100PP60XXXXX,Lidar360P3.N3308.21.2_MSK11[34A]4[ABC]14_21.07_Feb202022.zip,AC000W027157739,F0:B0:40:75:01:44,8c:ec:4b:87:e0:b3,KAY-DT-03,2022-04-23 14:37:18.628594,2022-04-23 14:35:52.129400,43.539,27.517,7.857,success,noInfo,2.0,0x00,music-vmusic-V2.9,Lidar360P3.N3308.21.2_MSK11[34A]4[ABC]14_21.07_Feb202022.zip,4.508,5.873,1.02
noInfo,J19R3081F5F5,RV2520A0US,10B061100XXA0001AXX0100PP60XXXXX,Lidar360P3.N3308.21.2_MSK11[34A]4[ABC]14_21.07_Feb202022.zip,AC000W027157744,F0:B0:40:75:01:0B,8c:ec:4b:87:e0:b3,KAY-DT-03,2022-04-23 14:39:30.943160,2022-04-23 14:38:02.190576,45.618,28.016,7.719,success,noInfo,2.0,0x00,music-vmusic-V2.9,Lidar360P3.N3308.21.2_MSK11[34A]4[ABC]14_21.07_Feb202022.zip,4.632,5.661,1.1
noInfo,J19R3081F5F8,RV2520A0US,10B061100XXA0001AXX0100PP60XXXXX,Lidar360P3.N3308.21.2_MSK11[34A]4[ABC]14_21.07_Feb202022.zip,AC000W027157750,F0:B0:40:DC:EA:67,8c:ec:4b:87:e0:b3,KAY-DT-03,2022-04-23 14:41:44.501617,2022-04-23 14:40:18.160797,43.798,27.719,7.594,success,noInfo,2.0,0x00,music-vmusic-V2.9,Lidar360P3.N3308.21.2_MSK11[34A]4[ABC]14_21.07_Feb202022.zip,4.83,5.109,0.991
noInfo,J19R3081F5A7,RV2520A0US,10B061100XXA0001AXX0100PP60XXXXX,Lidar360P3.N3308.21.2_MSK11[34A]4[ABC]14_21.07_Feb202022.zip,AC000W027157755,F0:B0:40:75:00:E8,8c:ec:4b:87:e0:b3,KAY-DT-03,2022-04-23 14:43:32.569840,2022-04-23 14:42:05.521944,43.696,27.611,7.843,success,noInfo,2.0,0x00,music-vmusic-V2.9,Lidar360P3.N3308.21.2_MSK11[34A]4[ABC]14_21.07_Feb202022.zip,5.795,5.174,1.0
noInfo,J19R3081F5A6,RV2520A0US,10B061100XXA0001AXX0100PP60XXXXX,Lidar360P3.N3308.21.2_MSK11[34A]4[ABC]14_21.07_Feb202022.zip,AC000W027157761,F0:B0:40:74:FF:8C,8c:ec:4b:87:e0:b3,KAY-DT-03,2022-04-23 14:45:38.280911,2022-04-23 14:44:08.985965,46.314,28.152,8.138,success,noInfo,2.0,0x00,music-vmusic-V2.9,Lidar360P3.N3308.21.2_MSK11[34A]4[ABC]14_21.07_Feb202022.zip,4.874,5.197,0.974
noInfo,J19R3081F5A2,RV2520A0US,10B061100XXA0001AXX0100PP60XXXXX,Lidar360P3.N3308.21.2_MSK11[34A]4[ABC]14_21.07_Feb202022.zip,AC000W027157768,F0:B0:40:74:FE:BF,8c:ec:4b:87:e0:b3,KAY-DT-03,2022-04-23 14:48:00.324389,2022-04-23 14:46:35.554311,42.721,27.8,7.886,success,noInfo,2.0,0x00,music-vmusic-V2.9,Lidar360P3.N3308.21.2_MSK11[34A]4[ABC]14_21.07_Feb202022.zip,4.376,4.987,1.006
noInfo,J19R3081F5Z4,RV2520A0US,10B061100XXA0001AXX0100PP60XXXXX,Lidar360P3.N3308.21.2_MSK11[34A]4[ABC]14_21.07_Feb202022.zip,AC000W027157775,F0:B0:40:DC:ED:55,8c:ec:4b:87:e0:b3,KAY-DT-03,2022-04-23 14:50:45.301548,2022-04-23 14:49:18.978880,44.058,27.478,8.106,success,noInfo,2.0,0x00,music-vmusic-V2.9,Lidar360P3.N3308.21.2_MSK11[34A]4[ABC]14_21.07_Feb202022.zip,4.651,4.881,1.025
noInfo,J19R3081F5Z0,RV2520A0US,10B061100XXA0001AXX0100PP60XXXXX,Lidar360P3.N3308.21.2_MSK11[34A]4[ABC]14_21.07_Feb202022.zip,AC000W027157780,F0:B0:40:75:05:87,8c:ec:4b:87:e0:b3,KAY-DT-03,2022-04-23 14:52:59.655383,2022-04-23 14:51:34.128112,43.489,27.687,7.72,success,noInfo,2.0,0x00,music-vmusic-V2.9,Lidar360P3.N3308.21.2_MSK11[34A]4[ABC]14_21.07_Feb202022.zip,4.464,4.972,1.016
noInfo,J19R3081F4U9,RV2520A0US,10B061100XXA0001AXX0100PP60XXXXX,Lidar360P3.N3308.21.2_MSK11[34A]4[ABC]14_21.07_Feb202022.zip,AC000W027157786,F0:B0:40:DC:ED:2F,8c:ec:4b:87:e0:b3,KAY-DT-03,2022-04-23 14:55:52.017623,2022-04-23 14:54:25.116123,44.485,27.88,8.253,success,noInfo,2.0,0x00,music-vmusic-V2.9,Lidar360P3.N3308.21.2_MSK11[34A]4[ABC]14_21.07_Feb202022.zip,4.687,4.89,1.004
noInfo,J19R3081F4S8,RV2520A0US,10B061100XXA0001AXX0100PP60XXXXX,Lidar360P3.N3308.21.2_MSK11[34A]4[ABC]14_21.07_Feb202022.zip,AC000W027157792,F0:B0:40:75:04:97,8c:ec:4b:87:e0:b3,KAY-DT-03,2022-04-23 14:58:14.558738,2022-04-23 14:56:47.248020,45.425,27.126,7.942,success,noInfo,2.0,0x00,music-vmusic-V2.9,Lidar360P3.N3308.21.2_MSK11[34A]4[ABC]14_21.07_Feb202022.zip,4.337,5.112,1.027
noInfo,J19R3081F4U4,RV2520A0US,10B061100XXA0001AXX0100PP60XXXXX,Lidar360P3.N3308.21.2_MSK11[34A]4[ABC]14_21.07_Feb202022.zip,AC000W027157798,F0:B0:40:75:0E:3E,8c:ec:4b:87:e0:b3,KAY-DT-03,2022-04-23 15:00:02.112467,2022-04-23 14:58:38.263890,42.643,27.771,7.743,success,noInfo,2.0,0x00,music-vmusic-V2.9,Lidar360P3.N3308.21.2_MSK11[34A]4[ABC]14_21.07_Feb202022.zip,3.781,4.776,1.016
noInfo,J19R3081F4R6,RV2520A0US,10B061100XXA0001AXX0100PP60XXXXX,Lidar360P3.N3308.21.2_MSK11[34A]4[ABC]14_21.07_Feb202022.zip,AC000W027157806,F0:B0:40:DC:EA:81,8c:ec:4b:87:e0:b3,KAY-DT-03,2022-04-23 15:08:41.706421,2022-04-23 15:07:15.329123,43.835,27.316,7.689,success,noInfo,2.0,0x00,music-vmusic-V2.9,Lidar360P3.N3308.21.2_MSK11[34A]4[ABC]14_21.07_Feb202022.zip,5.131,5.028,1.025
noInfo,J19R3081F4Q6,RV2520A0US,10B061100XXA0001AXX0100PP60XXXXX,Lidar360P3.N3308.21.2_MSK11[34A]4[ABC]14_21.07_Feb202022.zip,AC000W027157815,F0:B0:40:DC:ED:2B,8c:ec:4b:87:e0:b3,KAY-DT-03,2022-04-23 15:13:25.342615,2022-04-23 15:11:57.282947,45.906,27.779,7.494,success,noInfo,2.0,0x00,music-vmusic-V2.9,Lidar360P3.N3308.21.2_MSK11[34A]4[ABC]14_21.07_Feb202022.zip,4.014,5.035,1.032
noInfo,J19R3081H5J9,RV2520A0US,10B061100XXA0001AXX0100PP60XXXXX,Lidar360P3.N3308.21.2_MSK11[34A]4[ABC]14_21.07_Feb202022.zip,AC000W027157820,5C:C5:63:42:28:F6,8c:ec:4b:87:e0:b3,KAY-DT-03,2022-04-23 15:15:27.446490,2022-04-23 15:14:01.152502,43.643,27.994,7.452,success,noInfo,2.0,0x00,music-vmusic-V2.9,Lidar360P3.N3308.21.2_MSK11[34A]4[ABC]14_21.07_Feb202022.zip,4.461,5.342,0.988
noInfo,J19R3081F4K3,RV2520A0US,10B061100XXA0001AXX0100PP60XXXXX,Lidar360P3.N3308.21.2_MSK11[34A]4[ABC]14_21.07_Feb202022.zip,AC000W027157825,F0:B0:40:75:05:9E,8c:ec:4b:87:e0:b3,KAY-DT-03,2022-04-23 15:18:31.415808,2022-04-23 15:17:04.520185,44.104,27.442,7.852,success,noInfo,2.0,0x00,music-vmusic-V2.9,Lidar360P3.N3308.21.2_MSK11[34A]4[ABC]14_21.07_Feb202022.zip,5.232,4.944,1.085
noInfo,J19R3081F4K6,RV2520A0US,10B061100XXA0001AXX0100PP60XXXXX,Lidar360P3.N3308.21.2_MSK11[34A]4[ABC]14_21.07_Feb202022.zip,AC000W027157830,F0:B0:40:DC:EC:C6,8c:ec:4b:87:e0:b3,KAY-DT-03,2022-04-23 15:20:16.765014,2022-04-23 15:18:50.463023,44.64,27.524,7.9,success,noInfo,2.0,0x00,music-vmusic-V2.9,Lidar360P3.N3308.21.2_MSK11[34A]4[ABC]14_21.07_Feb202022.zip,3.984,5.218,0.994
noInfo,J19R3081F4J6,RV2520A0US,10B061100XXA0001AXX0100PP60XXXXX,Lidar360P3.N3308.21.2_MSK11[34A]4[ABC]14_21.07_Feb202022.zip,AC000W027157835,5C:C5:63:42:28:30,8c:ec:4b:87:e0:b3,KAY-DT-03,2022-04-23 15:22:09.306302,2022-04-23 15:20:43.455099,43.554,27.619,7.486,success,noInfo,2.0,0x00,music-vmusic-V2.9,Lidar360P3.N3308.21.2_MSK11[34A]4[ABC]14_21.07_Feb202022.zip,5.033,4.787,1.003
noInfo,J19R3081F4H9,RV2520A0US,10B061100XXA0001AXX0100PP60XXXXX,Lidar360P3.N3308.21.2_MSK11[34A]4[ABC]14_21.07_Feb202022.zip,AC000W027157845,F0:B0:40:DC:EA:7C,8c:ec:4b:87:e0:b3,KAY-DT-03,2022-04-23 15:25:53.783566,2022-04-23 15:24:28.626145,43.634,27.402,7.499,success,noInfo,2.0,0x00,music-vmusic-V2.9,Lidar360P3.N3308.21.2_MSK11[34A]4[ABC]14_21.07_Feb202022.zip,3.974,5.07,0.995
noInfo,J19R3081F4H5,RV2520A0US,10B061100XXA0001AXX0100PP60XXXXX,Lidar360P3.N3308.21.2_MSK11[34A]4[ABC]14_21.07_Feb202022.zip,AC000W027157849,F0:B0:40:DC:ED:6F,8c:ec:4b:87:e0:b3,KAY-DT-03,2022-04-23 15:27:32.409418,2022-04-23 15:26:06.999232,43.521,27.43,7.808,success,noInfo,2.0,0x00,music-vmusic-V2.9,Lidar360P3.N3308.21.2_MSK11[34A]4[ABC]14_21.07_Feb202022.zip,4.511,5.174,0.97
noInfo,J19R3081F4F1,RV2520A0US,10B061100XXA0001AXX0100PP60XXXXX,Lidar360P3.N3308.21.2_MSK11[34A]4[ABC]14_21.07_Feb202022.zip,AC000W027157863,F0:B0:40:74:FE:B2,8c:ec:4b:87:e0:b3,KAY-DT-03,2022-04-23 15:34:35.904239,2022-04-23 15:33:10.796833,42.797,27.959,7.798,success,noInfo,2.0,0x00,music-vmusic-V2.9,Lidar360P3.N3308.21.2_MSK11[34A]4[ABC]14_21.07_Feb202022.zip,4.172,5.253,1.009
noInfo,J19R3081F4A7,RV2520A0US,10B061100XXA0001AXX0100PP60XXXXX,Lidar360P3.N3308.21.2_MSK11[34A]4[ABC]14_21.07_Feb202022.zip,AC000W027157869,F0:B0:40:DC:ED:3A,8c:ec:4b:87:e0:b3,KAY-DT-03,2022-04-23 15:36:45.980425,2022-04-23 15:35:19.772563,43.852,27.657,7.948,success,noInfo,2.0,0x00,music-vmusic-V2.9,Lidar360P3.N3308.21.2_MSK11[34A]4[ABC]14_21.07_Feb202022.zip,4.858,4.89,1.02
noInfo,J19R3081F4Z5,RV2520A0US,10B061100XXA0001AXX0100PP60XXXXX,Lidar360P3.N3308.21.2_MSK11[34A]4[ABC]14_21.07_Feb202022.zip,AC000W027157875,F0:B0:40:74:FE:E3,8c:ec:4b:87:e0:b3,KAY-DT-03,2022-04-23 15:38:59.424387,2022-04-23 15:37:33.463568,44.197,27.742,7.704,success,noInfo,2.0,0x00,music-vmusic-V2.9,Lidar360P3.N3308.21.2_MSK11[34A]4[ABC]14_21.07_Feb202022.zip,3.871,5.025,1.126
noInfo,J19R3081F4Z3,RV2520A0US,10B061100XXA0001AXX0100PP60XXXXX,Lidar360P3.N3308.21.2_MSK11[34A]4[ABC]14_21.07_Feb202022.zip,AC000W027157882,F0:B0:40:DC:EC:8C,8c:ec:4b:87:e0:b3,KAY-DT-03,2022-04-23 15:43:28.206054,2022-04-23 15:42:02.459905,43.549,27.956,7.776,success,noInfo,2.0,0x00,music-vmusic-V2.9,Lidar360P3.N3308.21.2_MSK11[34A]4[ABC]14_21.07_Feb202022.zip,4.145,5.118,1.006
noInfo,J19R3081F3U4,RV2520A0US,10B061100XXA0001AXX0100PP60XXXXX,Lidar360P3.N3308.21.2_MSK11[34A]4[ABC]14_21.07_Feb202022.zip,AC000W027157890,F0:B0:40:DC:E9:C7,8c:ec:4b:87:e0:b3,KAY-DT-03,2022-04-23 15:46:18.695781,2022-04-23 15:44:52.489242,43.642,27.537,7.765,success,noInfo,2.0,0x00,music-vmusic-V2.9,Lidar360P3.N3308.21.2_MSK11[34A]4[ABC]14_21.07_Feb202022.zip,4.712,5.241,1.068
noInfo,J19R3081F3S7,RV2520A0US,10B061100XXA0001AXX0100PP60XXXXX,Lidar360P3.N3308.21.2_MSK11[34A]4[ABC]14_21.07_Feb202022.zip,AC000W027157898,F0:B0:40:DC:E9:55,8c:ec:4b:87:e0:b3,KAY-DT-03,2022-04-23 15:49:22.629431,2022-04-23 15:47:56.965631,43.404,27.79,8.462,success,noInfo,2.0,0x00,music-vmusic-V2.9,Lidar360P3.N3308.21.2_MSK11[34A]4[ABC]14_21.07_Feb202022.zip,4.35,4.869,1.024
noInfo,J19R3081F5S2,RV2520A0US,10B061100XXA0001AXX0100PP60XXXXX,Lidar360P3.N3308.21.2_MSK11[34A]4[ABC]14_21.07_Feb202022.zip,AC000W027157903,F0:B0:40:75:1D:B8,8c:ec:4b:87:e0:b3,KAY-DT-03,2022-04-23 15:51:17.195589,2022-04-23 15:49:51.703158,43.659,27.758,7.569,success,noInfo,2.0,0x00,music-vmusic-V2.9,Lidar360P3.N3308.21.2_MSK11[34A]4[ABC]14_21.07_Feb202022.zip,4.25,4.885,0.989
noInfo,J19R3081F3Q2,RV2520A0US,10B061100XXA0001AXX0100PP60XXXXX,Lidar360P3.N3308.21.2_MSK11[34A]4[ABC]14_21.07_Feb202022.zip,AC000W027157922,F0:B0:40:74:FE:E5,8c:ec:4b:87:e0:b3,KAY-DT-03,2022-04-23 15:59:07.956695,2022-04-23 15:57:42.751599,43.878,27.454,7.707,success,noInfo,2.0,0x00,music-vmusic-V2.9,Lidar360P3.N3308.21.2_MSK11[34A]4[ABC]14_21.07_Feb202022.zip,3.975,5.038,1.003
noInfo,J19R3081F3J3,RV2520A0US,10B061100XXA0001AXX0100PP60XXXXX,Lidar360P3.N3308.21.2_MSK11[34A]4[ABC]14_21.07_Feb202022.zip,AC000W027157939,F0:B0:40:DC:EA:AE,8c:ec:4b:87:e0:b3,KAY-DT-03,2022-04-23 16:08:55.538050,2022-04-23 16:07:29.315738,43.782,27.38,7.567,success,noInfo,2.0,0x00,music-vmusic-V2.9,Lidar360P3.N3308.21.2_MSK11[34A]4[ABC]14_21.07_Feb202022.zip,4.887,5.089,1.01
noInfo,J19R3081F3A8,RV2520A0US,10B061100XXA0001AXX0100PP60XXXXX,Lidar360P3.N3308.21.2_MSK11[34A]4[ABC]14_21.07_Feb202022.zip,AC000W027157961,F0:B0:40:DC:ED:B0,8c:ec:4b:87:e0:b3,KAY-DT-03,2022-04-23 16:19:47.539409,2022-04-23 16:17:50.505264,45.043,27.794,7.68,failed,noInfo,1.0,0x00,music-vmusic-V2.9,Lidar360P3.N3308.21.2_MSK11[34A]4[ABC]14_21.07_Feb202022.zip,3.774,26.502,1.042
noInfo,J19R3081F2U9,RV2520A0US,10B061100XXA0001AXX0100PP60XXXXX,Lidar360P3.N3308.21.2_MSK11[34A]4[ABC]14_21.07_Feb202022.zip,AC000W027157988,F0:B0:40:75:04:36,8c:ec:4b:87:e0:b3,KAY-DT-03,2022-04-23 16:31:18.615414,2022-04-23 16:29:50.471149,45.796,27.293,7.774,success,noInfo,2.0,0x00,music-vmusic-V2.9,Lidar360P3.N3308.21.2_MSK11[34A]4[ABC]14_21.07_Feb202022.zip,3.943,5.932,1.006
noInfo,J19R3081F2S7,RV2520A0US,10B061100XXA0001AXX0100PP60XXXXX,Lidar360P3.N3308.21.2_MSK11[34A]4[ABC]14_21.07_Feb202022.zip,AC000W027157993,F0:B0:40:75:00:70,8c:ec:4b:87:e0:b3,KAY-DT-03,2022-04-23 16:33:03.865090,2022-04-23 16:31:37.270166,44.178,27.3,7.683,success,noInfo,2.0,0x00,music-vmusic-V2.9,Lidar360P3.N3308.21.2_MSK11[34A]4[ABC]14_21.07_Feb202022.zip,4.393,5.747,1.079
noInfo,J19R3081F2U0,RV2520A0US,10B061100XXA0001AXX0100PP60XXXXX,Lidar360P3.N3308.21.2_MSK11[34A]4[ABC]14_21.07_Feb202022.zip,None_J19R3081F2U0,,8c:ec:4b:87:e0:b3,KAY-DT-03,2022-04-23 16:34:53.942285,2022-04-23 16:33:30.158459,79.76,27.3,7.809,failed,noInfo,,,music-vmusic-V2.9,Lidar360P3.N3308.21.2_MSK11[34A]4[ABC]14_21.07_Feb202022.zip,4.393,5.747,0.996
noInfo,J19R3081F2U0,RV2520A0US,10B061100XXA0001AXX0100PP60XXXXX,Lidar360P3.N3308.21.2_MSK11[34A]4[ABC]14_21.07_Feb202022.zip,AC000W027158002,F0:B0:40:DC:ED:D8,8c:ec:4b:87:e0:b3,KAY-DT-03,2022-04-23 16:37:40.322571,2022-04-23 16:36:13.655443,44.993,27.532,2.885,success,noInfo,2.0,0x00,music-vmusic-V2.9,Lidar360P3.N3308.21.2_MSK11[34A]4[ABC]14_21.07_Feb202022.zip,4.052,5.048,1.02
noInfo,J19R3081F2K5,RV2520A0US,10B061100XXA0001AXX0100PP60XXXXX,Lidar360P3.N3308.21.2_MSK11[34A]4[ABC]14_21.07_Feb202022.zip,AC000W027158020,F0:B0:40:75:05:A4,8c:ec:4b:87:e0:b3,KAY-DT-03,2022-04-23 16:46:32.949763,2022-04-23 16:45:05.921387,44.041,27.979,7.842,success,noInfo,2.0,0x00,music-vmusic-V2.9,Lidar360P3.N3308.21.2_MSK11[34A]4[ABC]14_21.07_Feb202022.zip,4.83,5.136,1.12
noInfo,J19R3081F2J9,RV2520A0US,10B061100XXA0001AXX0100PP60XXXXX,Lidar360P3.N3308.21.2_MSK11[34A]4[ABC]14_21.07_Feb202022.zip,AC000W027158024,F0:B0:40:DC:ED:3D,8c:ec:4b:87:e0:b3,KAY-DT-03,2022-04-23 16:48:35.263581,2022-04-23 16:47:06.898412,45.413,28.089,7.592,success,noInfo,2.0,0x00,music-vmusic-V2.9,Lidar360P3.N3308.21.2_MSK11[34A]4[ABC]14_21.07_Feb202022.zip,4.715,5.386,0.989
noInfo,J19R3081F2J3,RV2520A0US,10B061100XXA0001AXX0100PP60XXXXX,Lidar360P3.N3308.21.2_MSK11[34A]4[ABC]14_21.07_Feb202022.zip,AC000W027158032,F0:B0:40:74:FF:CB,8c:ec:4b:87:e0:b3,KAY-DT-03,2022-04-23 16:51:13.254533,2022-04-23 16:49:46.915401,44.269,27.454,7.954,success,noInfo,2.0,0x00,music-vmusic-V2.9,Lidar360P3.N3308.21.2_MSK11[34A]4[ABC]14_21.07_Feb202022.zip,4.745,4.916,0.974
noInfo,J19R3081F2A9,RV2520A0US,10B061100XXA0001AXX0100PP60XXXXX,Lidar360P3.N3308.21.2_MSK11[34A]4[ABC]14_21.07_Feb202022.zip,AC000W027158056,F0:B0:40:DC:EC:F7,8c:ec:4b:87:e0:b3,KAY-DT-03,2022-04-23 17:01:30.534764,2022-04-23 17:00:04.420373,44.183,27.03,7.965,success,noInfo,2.0,0x00,music-vmusic-V2.9,Lidar360P3.N3308.21.2_MSK11[34A]4[ABC]14_21.07_Feb202022.zip,5.135,4.951,1.022
noInfo,J19R3081F2Z7,RV2520A0US,10B061100XXA0001AXX0100PP60XXXXX,Lidar360P3.N3308.21.2_MSK11[34A]4[ABC]14_21.07_Feb202022.zip,AC000W027158069,F0:B0:40:DC:E9:9D,8c:ec:4b:87:e0:b3,KAY-DT-03,2022-04-23 17:07:54.341258,2022-04-23 17:06:27.588513,44.387,27.381,7.5,success,noInfo,2.0,0x00,music-vmusic-V2.9,Lidar360P3.N3308.21.2_MSK11[34A]4[ABC]14_21.07_Feb202022.zip,4.865,5.117,1.025
noInfo,J19R3081F2Z4,RV2520A0US,10B061100XXA0001AXX0100PP60XXXXX,Lidar360P3.N3308.21.2_MSK11[34A]4[ABC]14_21.07_Feb202022.zip,AC000W027158076,F0:B0:40:DC:E9:84,8c:ec:4b:87:e0:b3,KAY-DT-03,2022-04-23 17:10:53.048462,2022-04-23 17:09:25.564379,44.861,27.879,7.425,success,noInfo,2.0,0x00,music-vmusic-V2.9,Lidar360P3.N3308.21.2_MSK11[34A]4[ABC]14_21.07_Feb202022.zip,4.555,5.189,1.017
noInfo,J19R3081F1S8,RV2520A0US,10B061100XXA0001AXX0100PP60XXXXX,Lidar360P3.N3308.21.2_MSK11[34A]4[ABC]14_21.07_Feb202022.zip,AC000W027158090,F0:B0:40:75:00:EE,8c:ec:4b:87:e0:b3,KAY-DT-03,2022-04-23 17:16:45.640180,2022-04-23 17:15:18.305057,45.148,27.484,8.044,success,noInfo,2.0,0x00,music-vmusic-V2.9,Lidar360P3.N3308.21.2_MSK11[34A]4[ABC]14_21.07_Feb202022.zip,4.807,4.931,1.015
noInfo,J19R3081F1R9,RV2520A0US,10B061100XXA0001AXX0100PP60XXXXX,Lidar360P3.N3308.21.2_MSK11[34A]4[ABC]14_21.07_Feb202022.zip,AC000W027158097,F0:B0:40:DC:E9:A3,8c:ec:4b:87:e0:b3,KAY-DT-03,2022-04-23 17:19:07.332498,2022-04-23 17:17:41.760274,43.745,27.182,7.425,success,noInfo,2.0,0x00,music-vmusic-V2.9,Lidar360P3.N3308.21.2_MSK11[34A]4[ABC]14_21.07_Feb202022.zip,4.658,5.001,1.003
noInfo,J19R3081F1Q5,RV2520A0US,10B061100XXA0001AXX0100PP60XXXXX,Lidar360P3.N3308.21.2_MSK11[34A]4[ABC]14_21.07_Feb202022.zip,AC000W027158108,F0:B0:40:75:00:6C,8c:ec:4b:87:e0:b3,KAY-DT-03,2022-04-23 17:23:56.192522,2022-04-23 17:22:30.588243,43.263,27.541,7.734,success,noInfo,2.0,0x00,music-vmusic-V2.9,Lidar360P3.N3308.21.2_MSK11[34A]4[ABC]14_21.07_Feb202022.zip,4.823,4.961,1.01
noInfo,J19R3081F1Q4,RV2520A0US,10B061100XXA0001AXX0100PP60XXXXX,Lidar360P3.N3308.21.2_MSK11[34A]4[ABC]14_21.07_Feb202022.zip,AC000W027158114,F0:B0:40:DC:EC:FB,8c:ec:4b:87:e0:b3,KAY-DT-03,2022-04-23 17:26:23.325017,2022-04-23 17:24:55.654524,44.346,27.182,7.631,success,noInfo,2.0,0x00,music-vmusic-V2.9,Lidar360P3.N3308.21.2_MSK11[34A]4[ABC]14_21.07_Feb202022.zip,5.557,5.6,1.026
noInfo,J19R3081F1K5,RV2520A0US,10B061100XXA0001AXX0100PP60XXXXX,Lidar360P3.N3308.21.2_MSK11[34A]4[ABC]14_21.07_Feb202022.zip,AC000W027158122,F0:B0:40:DC:EC:91,8c:ec:4b:87:e0:b3,KAY-DT-03,2022-04-23 17:30:02.962470,2022-04-23 17:28:38.484052,43.616,27.086,7.711,success,noInfo,2.0,0x00,music-vmusic-V2.9,Lidar360P3.N3308.21.2_MSK11[34A]4[ABC]14_21.07_Feb202022.zip,3.954,4.821,0.997
noInfo,J19R3081F1J4,RV2520A0US,10B061100XXA0001AXX0100PP60XXXXX,Lidar360P3.N3308.21.2_MSK11[34A]4[ABC]14_21.07_Feb202022.zip,AC000W027158137,F0:B0:40:DC:ED:F0,8c:ec:4b:87:e0:b3,KAY-DT-03,2022-04-23 18:21:42.318227,2022-04-23 18:20:13.221052,45.367,27.911,7.777,success,noInfo,2.0,0x00,music-vmusic-V2.9,Lidar360P3.N3308.21.2_MSK11[34A]4[ABC]14_21.07_Feb202022.zip,5.225,5.636,1.058
noInfo,J19R3081F1H5,RV2520A0US,10B061100XXA0001AXX0100PP60XXXXX,Lidar360P3.N3308.21.2_MSK11[34A]4[ABC]14_21.07_Feb202022.zip,AC000W027158143,F0:B0:40:75:04:D6,8c:ec:4b:87:e0:b3,KAY-DT-03,2022-04-23 18:23:27.595496,2022-04-23 18:22:01.372063,43.493,27.94,7.605,success,noInfo,2.0,0x00,music-vmusic-V2.9,Lidar360P3.N3308.21.2_MSK11[34A]4[ABC]14_21.07_Feb202022.zip,4.902,5.077,0.947
noInfo,J19R3081F1A4,RV2520A0US,10B061100XXA0001AXX0100PP60XXXXX,Lidar360P3.N3308.21.2_MSK11[34A]4[ABC]14_21.07_Feb202022.zip,AC000W027158162,F0:B0:40:75:04:DF,8c:ec:4b:87:e0:b3,KAY-DT-03,2022-04-23 18:32:38.762511,2022-04-23 18:31:11.867376,44.123,27.499,7.856,success,noInfo,2.0,0x00,music-vmusic-V2.9,Lidar360P3.N3308.21.2_MSK11[34A]4[ABC]14_21.07_Feb202022.zip,5.057,5.272,1.012
noInfo,J19R3081F1Z2,RV2520A0US,10B061100XXA0001AXX0100PP60XXXXX,Lidar360P3.N3308.21.2_MSK11[34A]4[ABC]14_21.07_Feb202022.zip,AC000W027158171,F0:B0:40:75:04:DA,8c:ec:4b:87:e0:b3,KAY-DT-03,2022-04-23 18:37:13.392534,2022-04-23 18:35:46.735517,43.591,27.715,8.011,success,noInfo,2.0,0x00,music-vmusic-V2.9,Lidar360P3.N3308.21.2_MSK11[34A]4[ABC]14_21.07_Feb202022.zip,5.271,5.251,1.052
noInfo,J19R3081F0U1,RV2520A0US,10B061100XXA0001AXX0100PP60XXXXX,Lidar360P3.N3308.21.2_MSK11[34A]4[ABC]14_21.07_Feb202022.zip,AC000W027158187,F0:B0:40:75:01:4C,8c:ec:4b:87:e0:b3,KAY-DT-03,2022-04-23 18:43:06.958116,2022-04-23 18:41:40.861223,43.579,28.085,7.65,success,noInfo,2.0,0x00,music-vmusic-V2.9,Lidar360P3.N3308.21.2_MSK11[34A]4[ABC]14_21.07_Feb202022.zip,4.365,4.989,1.028
noInfo,J19R3081F0R7,RV2520A0US,10B061100XXA0001AXX0100PP60XXXXX,Lidar360P3.N3308.21.2_MSK11[34A]4[ABC]14_21.07_Feb202022.zip,AC000W027158196,F0:B0:40:74:FF:7B,8c:ec:4b:87:e0:b3,KAY-DT-03,2022-04-23 18:46:57.097483,2022-04-23 18:45:31.599401,43.298,27.748,8.084,success,noInfo,2.0,0x00,music-vmusic-V2.9,Lidar360P3.N3308.21.2_MSK11[34A]4[ABC]14_21.07_Feb202022.zip,4.582,4.971,1.006
noInfo,J19R3081F0R5,RV2520A0US,10B061100XXA0001AXX0100PP60XXXXX,Lidar360P3.N3308.21.2_MSK11[34A]4[ABC]14_21.07_Feb202022.zip,AC000W027158204,F0:B0:40:74:FE:F4,8c:ec:4b:87:e0:b3,KAY-DT-03,2022-04-23 18:50:54.165141,2022-04-23 18:49:24.253175,44.619,30.507,7.613,success,noInfo,2.0,0x00,music-vmusic-V2.9,Lidar360P3.N3308.21.2_MSK11[34A]4[ABC]14_21.07_Feb202022.zip,4.678,5.1,1.067
noInfo,J19R3081F0H9,RV2520A0US,10B061100XXA0001AXX0100PP60XXXXX,Lidar360P3.N3308.21.2_MSK11[34A]4[ABC]14_21.07_Feb202022.zip,AC000W027158238,F0:B0:40:75:00:BC,8c:ec:4b:87:e0:b3,KAY-DT-03,2022-04-23 19:06:12.168479,2022-04-23 19:04:46.076300,44.47,27.036,7.939,success,noInfo,2.0,0x00,music-vmusic-V2.9,Lidar360P3.N3308.21.2_MSK11[34A]4[ABC]14_21.07_Feb202022.zip,4.657,4.992,1.005
noInfo,J19R3081F0F2,RV2520A0US,10B061100XXA0001AXX0100PP60XXXXX,Lidar360P3.N3308.21.2_MSK11[34A]4[ABC]14_21.07_Feb202022.zip,AC000W027158250,F0:B0:40:DC:E3:FE,8c:ec:4b:87:e0:b3,KAY-DT-03,2022-04-23 19:12:38.219437,2022-04-23 19:11:12.262389,42.787,27.517,7.677,success,noInfo,2.0,0x00,music-vmusic-V2.9,Lidar360P3.N3308.21.2_MSK11[34A]4[ABC]14_21.07_Feb202022.zip,5.513,5.26,1.008
noInfo,J19R3081F0A3,RV2520A0US,10B061100XXA0001AXX0100PP60XXXXX,Lidar360P3.N3308.21.2_MSK11[34A]4[ABC]14_21.07_Feb202022.zip,AC000W027158256,F0:B0:40:75:00:A6,8c:ec:4b:87:e0:b3,KAY-DT-03,2022-04-23 19:14:39.465128,2022-04-23 19:13:12.722357,44.389,27.738,7.73,success,noInfo,2.0,0x00,music-vmusic-V2.9,Lidar360P3.N3308.21.2_MSK11[34A]4[ABC]14_21.07_Feb202022.zip,4.604,5.19,1.081
noInfo,J19R3081F0F0,RV2520A0US,10B061100XXA0001AXX0100PP60XXXXX,Lidar360P3.N3308.21.2_MSK11[34A]4[ABC]14_21.07_Feb202022.zip,AC000W027158263,F0:B0:40:DC:E9:C5,8c:ec:4b:87:e0:b3,KAY-DT-03,2022-04-23 19:16:55.532156,2022-04-23 19:15:29.268044,43.046,28.171,7.652,success,noInfo,2.0,0x00,music-vmusic-V2.9,Lidar360P3.N3308.21.2_MSK11[34A]4[ABC]14_21.07_Feb202022.zip,4.774,5.334,1.192
noInfo,J19R3081F0Z6,RV2520A0US,10B061100XXA0001AXX0100PP60XXXXX,Lidar360P3.N3308.21.2_MSK11[34A]4[ABC]14_21.07_Feb202022.zip,AC000W027158269,F0:B0:40:75:00:60,8c:ec:4b:87:e0:b3,KAY-DT-03,2022-04-23 19:19:29.379988,2022-04-23 19:18:03.993581,44.299,27.011,7.929,success,noInfo,2.0,0x00,music-vmusic-V2.9,Lidar360P3.N3308.21.2_MSK11[34A]4[ABC]14_21.07_Feb202022.zip,4.039,5.173,1.007
noInfo,J19R3081F0Z4,RV2520A0US,10B061100XXA0001AXX0100PP60XXXXX,Lidar360P3.N3308.21.2_MSK11[34A]4[ABC]14_21.07_Feb202022.zip,AC000W027158276,F0:B0:40:75:04:A3,8c:ec:4b:87:e0:b3,KAY-DT-03,2022-04-23 19:21:56.718195,2022-04-23 19:20:31.469698,42.984,27.721,8.004,success,noInfo,2.0,0x00,music-vmusic-V2.9,Lidar360P3.N3308.21.2_MSK11[34A]4[ABC]14_21.07_Feb202022.zip,4.814,4.765,1.045
noInfo,J19R3081A9U5,RV2520A0US,10B061100XXA0001AXX0100PP60XXXXX,Lidar360P3.N3308.21.2_MSK11[34A]4[ABC]14_21.07_Feb202022.zip,AC000W027158282,F0:B0:40:DC:EC:93,8c:ec:4b:87:e0:b3,KAY-DT-03,2022-04-23 19:24:14.745403,2022-04-23 19:22:47.994275,43.474,27.763,7.629,success,noInfo,2.0,0x00,music-vmusic-V2.9,Lidar360P3.N3308.21.2_MSK11[34A]4[ABC]14_21.07_Feb202022.zip,5.174,4.788,1.008
noInfo,J19R3081A9U7,RV2520A0US,10B061100XXA0001AXX0100PP60XXXXX,Lidar360P3.N3308.21.2_MSK11[34A]4[ABC]14_21.07_Feb202022.zip,AC000W027158285,F0:B0:40:75:01:2C,8c:ec:4b:87:e0:b3,KAY-DT-03,2022-04-23 19:26:22.148034,2022-04-23 19:24:55.241158,43.625,27.301,7.739,success,noInfo,2.0,0x00,music-vmusic-V2.9,Lidar360P3.N3308.21.2_MSK11[34A]4[ABC]14_21.07_Feb202022.zip,5.881,5.083,1.01
noInfo,J19R3081F0F1,RV2520A0US,10B061100XXA0001AXX0100PP60XXXXX,Lidar360P3.N3308.21.2_MSK11[34A]4[ABC]14_21.07_Feb202022.zip,AC000W027158290,F0:B0:40:DC:E3:EA,8c:ec:4b:87:e0:b3,KAY-DT-03,2022-04-23 19:28:11.095405,2022-04-23 19:26:45.647689,43.182,27.669,7.529,success,noInfo,2.0,0x00,music-vmusic-V2.9,Lidar360P3.N3308.21.2_MSK11[34A]4[ABC]14_21.07_Feb202022.zip,4.941,4.789,1.0
noInfo,J19R3081A9R2,RV2520A0US,10B061100XXA0001AXX0100PP60XXXXX,Lidar360P3.N3308.21.2_MSK11[34A]4[ABC]14_21.07_Feb202022.zip,AC000W027158305,F0:B0:40:75:04:8A,8c:ec:4b:87:e0:b3,KAY-DT-03,2022-04-23 19:35:07.883545,2022-04-23 19:33:41.520346,44.627,27.288,7.848,success,noInfo,2.0,0x00,music-vmusic-V2.9,Lidar360P3.N3308.21.2_MSK11[34A]4[ABC]14_21.07_Feb202022.zip,4.605,4.847,0.99
noInfo,J19R3081A9Q8,RV2520A0US,10B061100XXA0001AXX0100PP60XXXXX,Lidar360P3.N3308.21.2_MSK11[34A]4[ABC]14_21.07_Feb202022.zip,AC000W027158311,F0:B0:40:75:00:00,8c:ec:4b:87:e0:b3,KAY-DT-03,2022-04-23 19:37:15.651073,2022-04-23 19:35:48.669932,43.649,28.17,7.851,success,noInfo,2.0,0x00,music-vmusic-V2.9,Lidar360P3.N3308.21.2_MSK11[34A]4[ABC]14_21.07_Feb202022.zip,5.018,4.802,1.02
noInfo,J19R3081A9S6,RV2520A0US,10B061100XXA0001AXX0100PP60XXXXX,Lidar360P3.N3308.21.2_MSK11[34A]4[ABC]14_21.07_Feb202022.zip,AC000W027158316,F0:B0:40:DC:ED:78,8c:ec:4b:87:e0:b3,KAY-DT-03,2022-04-23 19:39:12.986149,2022-04-23 19:37:48.134156,43.262,27.423,7.569,success,noInfo,2.0,0x00,music-vmusic-V2.9,Lidar360P3.N3308.21.2_MSK11[34A]4[ABC]14_21.07_Feb202022.zip,4.428,4.774,1.003
noInfo,J19R3081A9R9,RV2520A0US,10B061100XXA0001AXX0100PP60XXXXX,Lidar360P3.N3308.21.2_MSK11[34A]4[ABC]14_21.07_Feb202022.zip,AC000W027158322,F0:B0:40:74:FE:A3,8c:ec:4b:87:e0:b3,KAY-DT-03,2022-04-23 19:41:44.210458,2022-04-23 19:40:17.584148,43.85,27.219,7.752,success,noInfo,2.0,0x00,music-vmusic-V2.9,Lidar360P3.N3308.21.2_MSK11[34A]4[ABC]14_21.07_Feb202022.zip,5.276,5.461,1.044
noInfo,J19R3081A9K2,RV2520A0US,10B061100XXA0001AXX0100PP60XXXXX,Lidar360P3.N3308.21.2_MSK11[34A]4[ABC]14_21.07_Feb202022.zip,AC000W027158327,F0:B0:40:75:00:B8,8c:ec:4b:87:e0:b3,KAY-DT-03,2022-04-23 19:44:00.959956,2022-04-23 19:42:34.048661,44.513,27.491,7.898,success,noInfo,2.0,0x00,music-vmusic-V2.9,Lidar360P3.N3308.21.2_MSK11[34A]4[ABC]14_21.07_Feb202022.zip,4.925,4.917,1.145
noInfo,J19R3081A9K6,RV2520A0US,10B061100XXA0001AXX0100PP60XXXXX,Lidar360P3.N3308.21.2_MSK11[34A]4[ABC]14_21.07_Feb202022.zip,AC000W027158331,F0:B0:40:75:01:4D,8c:ec:4b:87:e0:b3,KAY-DT-03,2022-04-23 19:45:41.022581,2022-04-23 19:44:13.329370,44.879,27.572,7.94,success,noInfo,2.0,0x00,music-vmusic-V2.9,Lidar360P3.N3308.21.2_MSK11[34A]4[ABC]14_21.07_Feb202022.zip,4.652,5.057,1.019
noInfo,J19R3081A9H7,RV2520A0US,10B061100XXA0001AXX0100PP60XXXXX,Lidar360P3.N3308.21.2_MSK11[34A]4[ABC]14_21.07_Feb202022.zip,AC000W027158336,F0:B0:40:75:04:8E,8c:ec:4b:87:e0:b3,KAY-DT-03,2022-04-23 19:47:26.299928,2022-04-23 19:45:59.318427,43.788,27.83,7.563,success,noInfo,2.0,0x00,music-vmusic-V2.9,Lidar360P3.N3308.21.2_MSK11[34A]4[ABC]14_21.07_Feb202022.zip,4.887,5.57,0.983
noInfo,J19R3081A9H0,RV2520A0US,10B061100XXA0001AXX0100PP60XXXXX,Lidar360P3.N3308.21.2_MSK11[34A]4[ABC]14_21.07_Feb202022.zip,AC000W027158345,F0:B0:40:75:01:2A,8c:ec:4b:87:e0:b3,KAY-DT-03,2022-04-23 19:51:37.894746,2022-04-23 19:50:09.343996,45.568,27.437,7.635,success,noInfo,2.0,0x00,music-vmusic-V2.9,Lidar360P3.N3308.21.2_MSK11[34A]4[ABC]14_21.07_Feb202022.zip,5.414,5.098,1.098
noInfo,J19R3081A9F8,RV2520A0US,10B061100XXA0001AXX0100PP60XXXXX,Lidar360P3.N3308.21.2_MSK11[34A]4[ABC]14_21.07_Feb202022.zip,AC000W027158351,F0:B0:40:75:00:C9,8c:ec:4b:87:e0:b3,KAY-DT-03,2022-04-23 19:53:56.747475,2022-04-23 19:52:30.297382,43.917,27.45,7.862,success,noInfo,2.0,0x00,music-vmusic-V2.9,Lidar360P3.N3308.21.2_MSK11[34A]4[ABC]14_21.07_Feb202022.zip,5.083,5.126,0.997
noInfo,J19R3081A9A8,RV2520A0US,10B061100XXA0001AXX0100PP60XXXXX,Lidar360P3.N3308.21.2_MSK11[34A]4[ABC]14_21.07_Feb202022.zip,AC000W027158357,F0:B0:40:74:FF:6B,8c:ec:4b:87:e0:b3,KAY-DT-03,2022-04-23 19:56:23.744236,2022-04-23 19:54:56.109061,44.26,27.384,7.985,success,noInfo,2.0,0x00,music-vmusic-V2.9,Lidar360P3.N3308.21.2_MSK11[34A]4[ABC]14_21.07_Feb202022.zip,5.679,5.3,1.0
noInfo,J19R3081A9A5,RV2520A0US,10B061100XXA0001AXX0100PP60XXXXX,Lidar360P3.N3308.21.2_MSK11[34A]4[ABC]14_21.07_Feb202022.zip,AC000W027158363,F0:B0:40:75:01:16,8c:ec:4b:87:e0:b3,KAY-DT-03,2022-04-23 19:58:42.673029,2022-04-23 19:57:16.077987,43.263,27.734,7.673,success,noInfo,2.0,0x00,music-vmusic-V2.9,Lidar360P3.N3308.21.2_MSK11[34A]4[ABC]14_21.07_Feb202022.zip,5.456,5.236,0.995
noInfo,J19R3081A8U2,RV2520A0US,10B061100XXA0001AXX0100PP60XXXXX,Lidar360P3.N3308.21.2_MSK11[34A]4[ABC]14_21.07_Feb202022.zip,AC000W027158382,F0:B0:40:DC:E9:93,8c:ec:4b:87:e0:b3,KAY-DT-03,2022-04-23 20:08:27.719099,2022-04-23 20:06:59.836418,44.118,28.023,7.476,success,noInfo,2.0,0x00,music-vmusic-V2.9,Lidar360P3.N3308.21.2_MSK11[34A]4[ABC]14_21.07_Feb202022.zip,5.454,5.553,0.984
noInfo,J19R3081A8Q4,RV2520A0US,10B061100XXA0001AXX0100PP60XXXXX,Lidar360P3.N3308.21.2_MSK11[34A]4[ABC]14_21.07_Feb202022.zip,AC000W027158410,F0:B0:40:DC:EA:94,8c:ec:4b:87:e0:b3,KAY-DT-03,2022-04-23 20:22:31.232067,2022-04-23 20:21:03.285651,45.113,27.416,7.394,success,noInfo,2.0,0x00,music-vmusic-V2.9,Lidar360P3.N3308.21.2_MSK11[34A]4[ABC]14_21.07_Feb202022.zip,5.33,5.133,1.002
noInfo,J19R3081A8J5,RV2520A0US,10B061100XXA0001AXX0100PP60XXXXX,Lidar360P3.N3308.21.2_MSK11[34A]4[ABC]14_21.07_Feb202022.zip,AC000W027158417,F0:B0:40:75:00:CA,8c:ec:4b:87:e0:b3,KAY-DT-03,2022-04-23 20:28:09.589452,2022-04-23 20:26:43.793620,44.01,27.713,7.615,success,noInfo,2.0,0x00,music-vmusic-V2.9,Lidar360P3.N3308.21.2_MSK11[34A]4[ABC]14_21.07_Feb202022.zip,4.174,4.973,1.019
noInfo,J19R3081A8J2,RV2520A0US,10B061100XXA0001AXX0100PP60XXXXX,Lidar360P3.N3308.21.2_MSK11[34A]4[ABC]14_21.07_Feb202022.zip,AC000W027158426,F0:B0:40:DC:E9:E2,8c:ec:4b:87:e0:b3,KAY-DT-03,2022-04-23 20:32:46.766008,2022-04-23 20:31:21.477389,42.416,28.725,7.805,success,noInfo,2.0,0x00,music-vmusic-V2.9,Lidar360P3.N3308.21.2_MSK11[34A]4[ABC]14_21.07_Feb202022.zip,4.284,4.956,1.253
noInfo,J19R3081A8H9,RV2520A0US,10B061100XXA0001AXX0100PP60XXXXX,Lidar360P3.N3308.21.2_MSK11[34A]4[ABC]14_21.07_Feb202022.zip,AC000W027158432,5C:C5:63:42:28:EE,8c:ec:4b:87:e0:b3,KAY-DT-03,2022-04-23 20:34:45.225238,2022-04-23 20:33:19.483888,43.615,27.907,7.577,success,noInfo,2.0,0x00,music-vmusic-V2.9,Lidar360P3.N3308.21.2_MSK11[34A]4[ABC]14_21.07_Feb202022.zip,4.366,4.833,0.997
noInfo,J19R3081A8H7,RV2520A0US,10B061100XXA0001AXX0100PP60XXXXX,Lidar360P3.N3308.21.2_MSK11[34A]4[ABC]14_21.07_Feb202022.zip,AC000W027158439,F0:B0:40:DC:E9:D1,8c:ec:4b:87:e0:b3,KAY-DT-03,2022-04-23 20:37:33.144067,2022-04-23 20:36:05.296218,43.905,28.056,7.474,success,noInfo,2.0,0x00,music-vmusic-V2.9,Lidar360P3.N3308.21.2_MSK11[34A]4[ABC]14_21.07_Feb202022.zip,5.715,5.161,0.999
noInfo,J19R3081A8F3,RV2520A0US,10B061100XXA0001AXX0100PP60XXXXX,Lidar360P3.N3308.21.2_MSK11[34A]4[ABC]14_21.07_Feb202022.zip,AC000W027158446,F0:B0:40:74:FF:8E,8c:ec:4b:87:e0:b3,KAY-DT-03,2022-04-23 20:40:09.540781,2022-04-23 20:38:44.022095,43.484,27.315,7.909,success,noInfo,2.0,0x00,music-vmusic-V2.9,Lidar360P3.N3308.21.2_MSK11[34A]4[ABC]14_21.07_Feb202022.zip,4.807,4.956,1.009
noInfo,J19R3081A8A4,RV2520A0US,10B061100XXA0001AXX0100PP60XXXXX,Lidar360P3.N3308.21.2_MSK11[34A]4[ABC]14_21.07_Feb202022.zip,AC000W027158457,F0:B0:40:75:00:E9,8c:ec:4b:87:e0:b3,KAY-DT-03,2022-04-23 20:44:00.436253,2022-04-23 20:42:32.993068,45.506,27.685,7.614,success,noInfo,2.0,0x00,music-vmusic-V2.9,Lidar360P3.N3308.21.2_MSK11[34A]4[ABC]14_21.07_Feb202022.zip,4.383,4.855,1.066
noInfo,J19R3081A7U4,RV2520A0US,10B061100XXA0001AXX0100PP60XXXXX,Lidar360P3.N3308.21.2_MSK11[34A]4[ABC]14_21.07_Feb202022.zip,AC000W027158469,F0:B0:40:DC:ED:86,8c:ec:4b:87:e0:b3,KAY-DT-03,2022-04-23 20:50:01.319605,2022-04-23 20:48:36.180167,43.675,27.286,7.835,success,noInfo,2.0,0x00,music-vmusic-V2.9,Lidar360P3.N3308.21.2_MSK11[34A]4[ABC]14_21.07_Feb202022.zip,4.295,5.024,1.002
noInfo,J19R3081A8Z5,RV2520A0US,10B061100XXA0001AXX0100PP60XXXXX,Lidar360P3.N3308.21.2_MSK11[34A]4[ABC]14_21.07_Feb202022.zip,AC000W027158475,F0:B0:40:75:04:87,8c:ec:4b:87:e0:b3,KAY-DT-03,2022-04-23 20:52:31.455819,2022-04-23 20:51:05.007876,43.774,27.3,7.997,success,noInfo,2.0,0x00,music-vmusic-V2.9,Lidar360P3.N3308.21.2_MSK11[34A]4[ABC]14_21.07_Feb202022.zip,5.235,5.102,1.012
noInfo,J19R3081A7U8,RV2520A0US,10B061100XXA0001AXX0100PP60XXXXX,Lidar360P3.N3308.21.2_MSK11[34A]4[ABC]14_21.07_Feb202022.zip,AC000W027158479,F0:B0:40:74:FF:7A,8c:ec:4b:87:e0:b3,KAY-DT-03,2022-04-23 20:54:32.574856,2022-04-23 20:53:05.780084,43.462,27.941,7.888,success,noInfo,2.0,0x00,music-vmusic-V2.9,Lidar360P3.N3308.21.2_MSK11[34A]4[ABC]14_21.07_Feb202022.zip,5.214,5.386,1.023
noInfo,J19R3081A7U2,RV2520A0US,10B061100XXA0001AXX0100PP60XXXXX,Lidar360P3.N3308.21.2_MSK11[34A]4[ABC]14_21.07_Feb202022.zip,AC000W027158486,F0:B0:40:75:00:E5,8c:ec:4b:87:e0:b3,KAY-DT-03,2022-04-23 20:59:27.099493,2022-04-23 20:57:59.385047,45.054,28.244,7.803,success,noInfo,2.0,0x00,music-vmusic-V2.9,Lidar360P3.N3308.21.2_MSK11[34A]4[ABC]14_21.07_Feb202022.zip,4.298,5.216,1.029
noInfo,J19R3081A7S6,RV2520A0US,10B061100XXA0001AXX0100PP60XXXXX,Lidar360P3.N3308.21.2_MSK11[34A]4[ABC]14_21.07_Feb202022.zip,AC000W027158501,F0:B0:40:75:01:0F,8c:ec:4b:87:e0:b3,KAY-DT-03,2022-04-23 21:16:29.315119,2022-04-23 21:15:02.746101,43.299,27.934,7.796,success,noInfo,2.0,0x00,music-vmusic-V2.9,Lidar360P3.N3308.21.2_MSK11[34A]4[ABC]14_21.07_Feb202022.zip,5.69,4.923,1.025
noInfo,J19R3081A7R2,RV2520A0US,10B061100XXA0001AXX0100PP60XXXXX,Lidar360P3.N3308.21.2_MSK11[34A]4[ABC]14_21.07_Feb202022.zip,AC000W027158505,5C:C5:63:42:28:6A,8c:ec:4b:87:e0:b3,KAY-DT-03,2022-04-23 21:19:00.215568,2022-04-23 21:17:33.173244,45.139,27.425,7.577,success,noInfo,2.0,0x00,music-vmusic-V2.9,Lidar360P3.N3308.21.2_MSK11[34A]4[ABC]14_21.07_Feb202022.zip,4.527,5.054,0.999
noInfo,J19R3081A7K6,RV2520A0US,10B061100XXA0001AXX0100PP60XXXXX,Lidar360P3.N3308.21.2_MSK11[34A]4[ABC]14_21.07_Feb202022.zip,AC000W027158509,F0:B0:40:75:00:63,8c:ec:4b:87:e0:b3,KAY-DT-03,2022-04-23 21:21:47.365896,2022-04-23 21:20:18.873444,45.603,28.065,7.908,success,noInfo,2.0,0x00,music-vmusic-V2.9,Lidar360P3.N3308.21.2_MSK11[34A]4[ABC]14_21.07_Feb202022.zip,4.927,4.918,1.009
noInfo,J19R3081A7J7,RV2520A0US,10B061100XXA0001AXX0100PP60XXXXX,Lidar360P3.N3308.21.2_MSK11[34A]4[ABC]14_21.07_Feb202022.zip,AC000W027158516,5C:C5:63:42:29:3D,8c:ec:4b:87:e0:b3,KAY-DT-03,2022-04-23 21:25:31.833778,2022-04-23 21:24:05.902431,43.695,27.513,7.422,success,noInfo,2.0,0x00,music-vmusic-V2.9,Lidar360P3.N3308.21.2_MSK11[34A]4[ABC]14_21.07_Feb202022.zip,4.793,4.911,0.998
noInfo,J19R3081A7K8,RV2520A0US,10B061100XXA0001AXX0100PP60XXXXX,Lidar360P3.N3308.21.2_MSK11[34A]4[ABC]14_21.07_Feb202022.zip,AC000W027158523,F0:B0:40:DC:CF:06,8c:ec:4b:87:e0:b3,KAY-DT-03,2022-04-23 21:28:51.473729,2022-04-23 21:27:24.970115,43.944,27.753,7.425,success,noInfo,2.0,0x00,music-vmusic-V2.9,Lidar360P3.N3308.21.2_MSK11[34A]4[ABC]14_21.07_Feb202022.zip,5.011,4.886,1.046
noInfo,J19R3081A7H0,RV2520A0US,10B061100XXA0001AXX0100PP60XXXXX,Lidar360P3.N3308.21.2_MSK11[34A]4[ABC]14_21.07_Feb202022.zip,AC000W027158526,F0:B0:40:75:01:43,8c:ec:4b:87:e0:b3,KAY-DT-03,2022-04-23 21:30:54.374946,2022-04-23 21:29:28.351123,43.579,27.688,7.636,success,noInfo,2.0,0x00,music-vmusic-V2.9,Lidar360P3.N3308.21.2_MSK11[34A]4[ABC]14_21.07_Feb202022.zip,4.707,4.997,0.998
noInfo,J19R3081A8K3,RV2520A0US,10B061100XXA0001AXX0100PP60XXXXX,Lidar360P3.N3308.21.2_MSK11[34A]4[ABC]14_21.07_Feb202022.zip,AC000W027158539,F0:B0:40:75:04:F1,8c:ec:4b:87:e0:b3,KAY-DT-03,2022-04-23 21:38:15.251669,2022-04-23 21:36:48.139198,45.173,27.257,2.919,success,noInfo,2.0,0x00,music-vmusic-V2.9,Lidar360P3.N3308.21.2_MSK11[34A]4[ABC]14_21.07_Feb202022.zip,4.364,4.853,1.016
noInfo,J19R3081A7A6,RV2520A0US,10B061100XXA0001AXX0100PP60XXXXX,Lidar360P3.N3308.21.2_MSK11[34A]4[ABC]14_21.07_Feb202022.zip,AC000W027158544,5C:C5:63:42:2D:39,8c:ec:4b:87:e0:b3,KAY-DT-03,2022-04-23 21:40:08.029699,2022-04-23 21:38:42.489172,43.834,27.488,7.603,success,noInfo,2.0,0x00,music-vmusic-V2.9,Lidar360P3.N3308.21.2_MSK11[34A]4[ABC]14_21.07_Feb202022.zip,4.291,5.096,1.028
noInfo,J19R3081A7Z5,RV2520A0US,10B061100XXA0001AXX0100PP60XXXXX,Lidar360P3.N3308.21.2_MSK11[34A]4[ABC]14_21.07_Feb202022.zip,AC000W027158551,F0:B0:40:DC:EA:7B,8c:ec:4b:87:e0:b3,KAY-DT-03,2022-04-23 21:42:11.564708,2022-04-23 21:40:43.482615,45.95,27.73,7.717,success,noInfo,2.0,0x00,music-vmusic-V2.9,Lidar360P3.N3308.21.2_MSK11[34A]4[ABC]14_21.07_Feb202022.zip,4.58,4.832,1.038
noInfo,J19R3081A7F1,RV2520A0US,10B061100XXA0001AXX0100PP60XXXXX,Lidar360P3.N3308.21.2_MSK11[34A]4[ABC]14_21.07_Feb202022.zip,AC000W027158557,F0:B0:40:74:FE:D3,8c:ec:4b:87:e0:b3,KAY-DT-03,2022-04-23 21:44:02.412581,2022-04-23 21:42:37.081412,43.463,27.827,7.68,success,noInfo,2.0,0x00,music-vmusic-V2.9,Lidar360P3.N3308.21.2_MSK11[34A]4[ABC]14_21.07_Feb202022.zip,4.413,4.738,1.007
noInfo,J19R3081A6U9,RV2520A0US,10B061100XXA0001AXX0100PP60XXXXX,Lidar360P3.N3308.21.2_MSK11[34A]4[ABC]14_21.07_Feb202022.zip,AC000W027158562,F0:B0:40:DC:ED:C5,8c:ec:4b:87:e0:b3,KAY-DT-03,2022-04-23 21:46:01.957527,2022-04-23 21:44:35.415263,44.424,27.5,7.928,success,noInfo,2.0,0x00,music-vmusic-V2.9,Lidar360P3.N3308.21.2_MSK11[34A]4[ABC]14_21.07_Feb202022.zip,4.767,4.876,1.034
noInfo,J19R3081A7Z0,RV2520A0US,10B061100XXA0001AXX0100PP60XXXXX,Lidar360P3.N3308.21.2_MSK11[34A]4[ABC]14_21.07_Feb202022.zip,AC000W027158568,F0:B0:40:75:04:F0,8c:ec:4b:87:e0:b3,KAY-DT-03,2022-04-23 21:48:29.277242,2022-04-23 21:47:01.116035,45.702,27.98,7.761,success,noInfo,2.0,0x00,music-vmusic-V2.9,Lidar360P3.N3308.21.2_MSK11[34A]4[ABC]14_21.07_Feb202022.zip,4.48,4.917,1.002
noInfo,J19R3081A6S6,RV2520A0US,10B061100XXA0001AXX0100PP60XXXXX,Lidar360P3.N3308.21.2_MSK11[34A]4[ABC]14_21.07_Feb202022.zip,AC000W027158573,5C:C5:63:42:28:B0,8c:ec:4b:87:e0:b3,KAY-DT-03,2022-04-23 21:50:34.697526,2022-04-23 21:49:07.211578,43.862,27.892,7.495,success,noInfo,2.0,0x00,music-vmusic-V2.9,Lidar360P3.N3308.21.2_MSK11[34A]4[ABC]14_21.07_Feb202022.zip,5.395,5.503,0.971
noInfo,J19R3081A6S2,RV2520A0US,10B061100XXA0001AXX0100PP60XXXXX,Lidar360P3.N3308.21.2_MSK11[34A]4[ABC]14_21.07_Feb202022.zip,AC000W027158579,F0:B0:40:DC:CF:7F,8c:ec:4b:87:e0:b3,KAY-DT-03,2022-04-23 21:52:39.483735,2022-04-23 21:51:12.314701,43.785,27.554,7.614,success,noInfo,2.0,0x00,music-vmusic-V2.9,Lidar360P3.N3308.21.2_MSK11[34A]4[ABC]14_21.07_Feb202022.zip,5.552,5.265,1.008
noInfo,J19R3081A6R4,RV2520A0US,10B061100XXA0001AXX0100PP60XXXXX,Lidar360P3.N3308.21.2_MSK11[34A]4[ABC]14_21.07_Feb202022.zip,AC000W027158587,F0:B0:40:74:FF:95,8c:ec:4b:87:e0:b3,KAY-DT-03,2022-04-23 21:56:01.535602,2022-04-23 21:53:40.733567,46.223,28.276,8.012,success,noInfo,2.0,0x00,music-vmusic-V2.9,Lidar360P3.N3308.21.2_MSK11[34A]4[ABC]14_21.07_Feb202022.zip,4.226,4.84,0.99
noInfo,J19R3081A6U3,RV2520A0US,10B061100XXA0001AXX0100PP60XXXXX,Lidar360P3.N3308.21.2_MSK11[34A]4[ABC]14_21.07_Feb202022.zip,AC000W027158593,F0:B0:40:DC:ED:AF,8c:ec:4b:87:e0:b3,KAY-DT-03,2022-04-23 21:58:12.834709,2022-04-23 21:56:47.414268,44.83,26.727,7.914,success,noInfo,2.0,0x00,music-vmusic-V2.9,Lidar360P3.N3308.21.2_MSK11[34A]4[ABC]14_21.07_Feb202022.zip,4.414,4.77,1.049
noInfo,J19R3081A6Q7,RV2520A0US,10B061100XXA0001AXX0100PP60XXXXX,Lidar360P3.N3308.21.2_MSK11[34A]4[ABC]14_21.07_Feb202022.zip,AC000W027158600,F0:B0:40:DC:ED:AD,8c:ec:4b:87:e0:b3,KAY-DT-03,2022-04-23 22:00:57.522510,2022-04-23 21:59:32.964397,42.458,27.602,7.823,success,noInfo,2.0,0x00,music-vmusic-V2.9,Lidar360P3.N3308.21.2_MSK11[34A]4[ABC]14_21.07_Feb202022.zip,4.564,4.796,0.993
noInfo,J19R3081A6Q4,RV2520A0US,10B061100XXA0001AXX0100PP60XXXXX,Lidar360P3.N3308.21.2_MSK11[34A]4[ABC]14_21.07_Feb202022.zip,AC000W027158607,F0:B0:40:DD:33:3E,8c:ec:4b:87:e0:b3,KAY-DT-03,2022-04-23 22:03:43.193181,2022-04-23 22:02:17.531114,44.077,26.831,7.519,success,noInfo,2.0,0x00,music-vmusic-V2.9,Lidar360P3.N3308.21.2_MSK11[34A]4[ABC]14_21.07_Feb202022.zip,4.682,5.087,1.006
noInfo,J19R3081A6K5,RV2520A0US,10B061100XXA0001AXX0100PP60XXXXX,Lidar360P3.N3308.21.2_MSK11[34A]4[ABC]14_21.07_Feb202022.zip,AC000W027158614,F0:B0:40:DC:E1:1D,8c:ec:4b:87:e0:b3,KAY-DT-03,2022-04-23 22:06:11.654391,2022-04-23 22:04:45.833135,43.773,27.364,7.665,success,noInfo,2.0,0x00,music-vmusic-V2.9,Lidar360P3.N3308.21.2_MSK11[34A]4[ABC]14_21.07_Feb202022.zip,4.871,4.971,1.055
noInfo,J19R3081A6J7,RV2520A0US,10B061100XXA0001AXX0100PP60XXXXX,Lidar360P3.N3308.21.2_MSK11[34A]4[ABC]14_21.07_Feb202022.zip,AC000W027158625,F0:B0:40:DC:E3:48,8c:ec:4b:87:e0:b3,KAY-DT-03,2022-04-23 22:09:51.119758,2022-04-23 22:08:26.014154,42.914,27.845,7.578,success,noInfo,2.0,0x00,music-vmusic-V2.9,Lidar360P3.N3308.21.2_MSK11[34A]4[ABC]14_21.07_Feb202022.zip,4.077,5.232,1.115
noInfo,J19R3081A6H7,RV2520A0US,10B061100XXA0001AXX0100PP60XXXXX,Lidar360P3.N3308.21.2_MSK11[34A]4[ABC]14_21.07_Feb202022.zip,AC000W027158630,F0:B0:40:75:04:CA,8c:ec:4b:87:e0:b3,KAY-DT-03,2022-04-23 22:12:40.827924,2022-04-23 22:11:13.641102,44.543,27.465,7.646,success,noInfo,2.0,0x00,music-vmusic-V2.9,Lidar360P3.N3308.21.2_MSK11[34A]4[ABC]14_21.07_Feb202022.zip,5.039,4.961,1.076
noInfo,J19R3081A6J5,RV2520A0US,10B061100XXA0001AXX0100PP60XXXXX,Lidar360P3.N3308.21.2_MSK11[34A]4[ABC]14_21.07_Feb202022.zip,AC000W027158639,F0:B0:40:74:C3:14,8c:ec:4b:87:e0:b3,KAY-DT-03,2022-04-23 22:17:27.514393,2022-04-23 22:15:59.365883,45.173,27.45,7.608,success,noInfo,2.0,0x00,music-vmusic-V2.9,Lidar360P3.N3308.21.2_MSK11[34A]4[ABC]14_21.07_Feb202022.zip,5.097,5.432,0.999
noInfo,J19R3081A6Q9,RV2520A0US,10B061100XXA0001AXX0100PP60XXXXX,Lidar360P3.N3308.21.2_MSK11[34A]4[ABC]14_21.07_Feb202022.zip,AC000W027158646,F0:B0:40:DC:ED:64,8c:ec:4b:87:e0:b3,KAY-DT-03,2022-04-23 22:19:17.713962,2022-04-23 22:17:47.622934,46.995,28.128,2.841,success,noInfo,2.0,0x00,music-vmusic-V2.9,Lidar360P3.N3308.21.2_MSK11[34A]4[ABC]14_21.07_Feb202022.zip,4.382,5.693,0.992
noInfo,J19R3081A6F4,RV2520A0US,10B061100XXA0001AXX0100PP60XXXXX,Lidar360P3.N3308.21.2_MSK11[34A]4[ABC]14_21.07_Feb202022.zip,AC000W027158651,F0:B0:40:75:01:3F,8c:ec:4b:87:e0:b3,KAY-DT-03,2022-04-23 22:20:55.752716,2022-04-23 22:19:29.244009,44.545,27.396,7.795,success,noInfo,2.0,0x00,music-vmusic-V2.9,Lidar360P3.N3308.21.2_MSK11[34A]4[ABC]14_21.07_Feb202022.zip,4.53,5.118,1.02
noInfo,J19R3081A6A4,RV2520A0US,10B061100XXA0001AXX0100PP60XXXXX,Lidar360P3.N3308.21.2_MSK11[34A]4[ABC]14_21.07_Feb202022.zip,AC000W027158656,F0:B0:40:DC:D3:35,8c:ec:4b:87:e0:b3,KAY-DT-03,2022-04-23 22:22:58.895283,2022-04-23 22:21:32.956120,43.69,27.907,7.518,success,noInfo,2.0,0x00,music-vmusic-V2.9,Lidar360P3.N3308.21.2_MSK11[34A]4[ABC]14_21.07_Feb202022.zip,4.49,4.774,1.101
noInfo,J19R3081A6Z9,RV2520A0US,10B061100XXA0001AXX0100PP60XXXXX,Lidar360P3.N3308.21.2_MSK11[34A]4[ABC]14_21.07_Feb202022.zip,AC000W027158662,F0:B0:40:DC:D3:DB,8c:ec:4b:87:e0:b3,KAY-DT-03,2022-04-23 22:25:16.472204,2022-04-23 22:23:50.287434,44.526,27.517,7.63,success,noInfo,2.0,0x00,music-vmusic-V2.9,Lidar360P3.N3308.21.2_MSK11[34A]4[ABC]14_21.07_Feb202022.zip,3.803,5.217,1.019
noInfo,J19R3081A6Z7,RV2520A0US,10B061100XXA0001AXX0100PP60XXXXX,Lidar360P3.N3308.21.2_MSK11[34A]4[ABC]14_21.07_Feb202022.zip,AC000W027158669,F0:B0:40:DC:D3:CB,8c:ec:4b:87:e0:b3,KAY-DT-03,2022-04-23 22:28:10.563967,2022-04-23 22:26:46.553300,42.633,26.529,7.53,success,noInfo,2.0,0x00,music-vmusic-V2.9,Lidar360P3.N3308.21.2_MSK11[34A]4[ABC]14_21.07_Feb202022.zip,4.788,5.133,1.0
noInfo,J19R3081A5U8,RV2520A0US,10B061100XXA0001AXX0100PP60XXXXX,Lidar360P3.N3308.21.2_MSK11[34A]4[ABC]14_21.07_Feb202022.zip,AC000W027158673,F0:B0:40:DC:EC:81,8c:ec:4b:87:e0:b3,KAY-DT-03,2022-04-23 22:30:00.414521,2022-04-23 22:28:35.254441,43.901,27.668,8.351,success,noInfo,2.0,0x00,music-vmusic-V2.9,Lidar360P3.N3308.21.2_MSK11[34A]4[ABC]14_21.07_Feb202022.zip,3.84,4.882,1.029
noInfo,J19R3081A5U0,RV2520A0US,10B061100XXA0001AXX0100PP60XXXXX,Lidar360P3.N3308.21.2_MSK11[34A]4[ABC]14_21.07_Feb202022.zip,None_J19R3081A5U0,,8c:ec:4b:87:e0:b3,KAY-DT-03,2022-04-23 22:31:53.606389,2022-04-23 22:30:57.991385,43.177,4.337,7.464,failed,noInfo,2.0,,music-vmusic-V2.9,Lidar360P3.N3308.21.2_MSK11[34A]4[ABC]14_21.07_Feb202022.zip,3.84,4.882,1.022
noInfo,J19R3081A5U0,RV2520A0US,10B061100XXA0001AXX0100PP60XXXXX,Lidar360P3.N3308.21.2_MSK11[34A]4[ABC]14_21.07_Feb202022.zip,None_J19R3081A5U0,F0:B0:40:DC:D2:F2,8c:ec:4b:87:e0:b3,KAY-DT-03,2022-04-23 22:33:14.612517,2022-04-23 22:32:08.388365,45.065,13.03,3.244,failed,noInfo,2.0,,music-vmusic-V2.9,Lidar360P3.N3308.21.2_MSK11[34A]4[ABC]14_21.07_Feb202022.zip,3.84,4.882,0.972
noInfo,J19R3081A5S1,RV2520A0US,10B061100XXA0001AXX0100PP60XXXXX,Lidar360P3.N3308.21.2_MSK11[34A]4[ABC]14_21.07_Feb202022.zip,AC000W027158690,F0:B0:40:DC:CE:07,8c:ec:4b:87:e0:b3,KAY-DT-03,2022-04-23 22:36:17.644541,2022-04-23 22:34:50.591629,44.92,27.143,7.638,success,noInfo,2.0,0x00,music-vmusic-V2.9,Lidar360P3.N3308.21.2_MSK11[34A]4[ABC]14_21.07_Feb202022.zip,4.872,5.035,1.214
noInfo,J19R3081A5R3,RV2520A0US,10B061100XXA0001AXX0100PP60XXXXX,Lidar360P3.N3308.21.2_MSK11[34A]4[ABC]14_21.07_Feb202022.zip,AC000W027158697,F0:B0:40:DC:CE:09,8c:ec:4b:87:e0:b3,KAY-DT-03,2022-04-23 22:39:03.652542,2022-04-23 22:37:39.171198,42.406,28.045,7.596,success,noInfo,2.0,0x00,music-vmusic-V2.9,Lidar360P3.N3308.21.2_MSK11[34A]4[ABC]14_21.07_Feb202022.zip,4.343,4.688,1.009
noInfo,J19R3081A5R1,RV2520A0US,10B061100XXA0001AXX0100PP60XXXXX,Lidar360P3.N3308.21.2_MSK11[34A]4[ABC]14_21.07_Feb202022.zip,AC000W027158706,F0:B0:40:74:FF:38,8c:ec:4b:87:e0:b3,KAY-DT-03,2022-04-23 22:43:01.570370,2022-04-23 22:41:35.734201,43.944,27.065,7.837,success,noInfo,2.0,0x00,music-vmusic-V2.9,Lidar360P3.N3308.21.2_MSK11[34A]4[ABC]14_21.07_Feb202022.zip,4.968,4.923,1.012
noInfo,J19R3081A5Q3,RV2520A0US,10B061100XXA0001AXX0100PP60XXXXX,Lidar360P3.N3308.21.2_MSK11[34A]4[ABC]14_21.07_Feb202022.zip,AC000W027158712,F0:B0:40:DC:E4:75,8c:ec:4b:87:e0:b3,KAY-DT-03,2022-04-23 22:46:29.450792,2022-04-23 22:45:02.552179,43.331,27.84,8.117,success,noInfo,2.0,0x00,music-vmusic-V2.9,Lidar360P3.N3308.21.2_MSK11[34A]4[ABC]14_21.07_Feb202022.zip,5.549,5.278,1.01
noInfo,J19R3081A5Z3,RV2520A0US,10B061100XXA0001AXX0100PP60XXXXX,Lidar360P3.N3308.21.2_MSK11[34A]4[ABC]14_21.07_Feb202022.zip,AC000W027158761,F0:B0:40:DC:CE:B5,8c:ec:4b:87:e0:b3,KAY-DT-03,2022-04-23 23:10:39.045153,2022-04-23 23:09:12.251384,43.868,27.618,7.492,success,noInfo,2,0x00,music-vmusic-V2.9,Lidar360P3.N3308.21.2_MSK11[34A]4[ABC]14_21.07_Feb202022.zip,5.273,5.186,1.032
