﻿cmd,,lower,upper,isFlag,UniqueCode,return_info,Type,tryPerio,tryTimes
default,default,default,default,1,default,default,default,default,default
default,default,default,default,1,default,default,default,default,default
default,default,default,default,1,default,default,default,default,default
default,default,default,default,1,default,default,default,default,default
default,default,default,default,1,default,default,default,default,default
default,default,default,default,1,default,default,default,default,default
default,default,default,default,1,default,default,default,default,default
default,default,default,default,1,default,default,default,default,default
