operator,deviceSN,deviceSKU,deviceHWD,packageName,dsn,deviceMacAddress,stationMacAddress,stationName,PMStartTime,PMFWCostTime,PMNavCostTime,PMMCUCostTime,PMStatus,md5Check
noInfo,S17Q3081J6R7,AV2510A0US,10B051100XX4000A1XX0100PP60XXXXX,Lidar360P3.3308.14.7_sprint14.7_FV0.1.1_ST2.2.005_M0.0.82_GM1.0.82_12.32_Jul092021.zip,AC000W021507036,309587F2AB1F,a4:bb:6d:ce:ca:1c,KAY-DT-43,2021-08-17 15:24:54.465442,38.604,23.419,10.748,success,noInfo,2.204,2.031,0.819
noInfo,S17Q3081J6Q2,AV2510A0US,10B051100XX4000A1XX0100PP60XXXXX,Lidar360P3.3308.14.7_sprint14.7_FV0.1.1_ST2.2.005_M0.0.82_GM1.0.82_12.32_Jul092021.zip,AC000W021507043,20579ED340C0,a4:bb:6d:ce:ca:1c,KAY-DT-43,2021-08-17 15:26:23.153201,38.871,23.72,10.761,success,noInfo,2.142,1.993,0.806
noInfo,S17Q3081J6K7,AV2510A0US,10B051100XX4000A1XX0100PP60XXXXX,Lidar360P3.3308.14.7_sprint14.7_FV0.1.1_ST2.2.005_M0.0.82_GM1.0.82_12.32_Jul092021.zip,AC000W021507049,20579ED340EE,a4:bb:6d:ce:ca:1c,KAY-DT-43,2021-08-17 15:28:27.591048,42.8,24.004,10.678,success,noInfo,2.144,1.641,0.82
noInfo,S17Q3081J6K4,AV2510A0US,10B051100XX4000A1XX0100PP60XXXXX,Lidar360P3.3308.14.7_sprint14.7_FV0.1.1_ST2.2.005_M0.0.82_GM1.0.82_12.32_Jul092021.zip,AC000W021507053,20579ED34093,a4:bb:6d:ce:ca:1c,KAY-DT-43,2021-08-17 15:30:16.311221,31.866,24.567,10.637,success,noInfo,2.107,1.64,0.812
noInfo,S17Q3081J6Q5,AV2510A0US,10B051100XX4000A1XX0100PP60XXXXX,Lidar360P3.3308.14.7_sprint14.7_FV0.1.1_ST2.2.005_M0.0.82_GM1.0.82_12.32_Jul092021.zip,AC000W021507061,309587F2AA55,a4:bb:6d:ce:ca:1c,KAY-DT-43,2021-08-17 15:37:27.772234,40.047,23.613,11.006,success,noInfo,2.119,1.684,0.802
noInfo,S17Q3081J6K1,AV2510A0US,10B051100XX4000A1XX0100PP60XXXXX,Lidar360P3.3308.14.7_sprint14.7_FV0.1.1_ST2.2.005_M0.0.82_GM1.0.82_12.32_Jul092021.zip,None_S17Q3081J6K1,,a4:bb:6d:ce:ca:1c,KAY-DT-43,2021-08-17 15:39:22.754342,55.874,23.613,10.964,failed,noInfo,2.119,1.684,0.823
noInfo,S17Q3081J6K1,AV2510A0US,10B051100XX4000A1XX0100PP60XXXXX,Lidar360P3.3308.14.7_sprint14.7_FV0.1.1_ST2.2.005_M0.0.82_GM1.0.82_12.32_Jul092021.zip,AC000W021507074,20579ED34130,a4:bb:6d:ce:ca:1c,KAY-DT-43,2021-08-17 15:40:41.661940,36.199,24.019,3.199,success,noInfo,2.061,1.643,0.824
noInfo,S17Q3081J6R8,AV2510A0US,10B051100XX4000A1XX0100PP60XXXXX,Lidar360P3.3308.14.7_sprint14.7_FV0.1.1_ST2.2.005_M0.0.82_GM1.0.82_12.32_Jul092021.zip,None_S17Q3081J6R8,,a4:bb:6d:ce:ca:1c,KAY-DT-43,2021-08-17 15:42:37.800322,53.703,24.019,10.831,failed,noInfo,2.061,1.643,0.822
noInfo,S17Q3081J6R8,AV2510A0US,10B051100XX4000A1XX0100PP60XXXXX,Lidar360P3.3308.14.7_sprint14.7_FV0.1.1_ST2.2.005_M0.0.82_GM1.0.82_12.32_Jul092021.zip,AC000W021507087,20579ED34096,a4:bb:6d:ce:ca:1c,KAY-DT-43,2021-08-17 15:43:50.063365,37.986,23.458,3.19,success,noInfo,2.094,1.651,0.818
noInfo,S17Q3081J6J2,AV2510A0US,10B051100XX4000A1XX0100PP60XXXXX,Lidar360P3.3308.14.7_sprint14.7_FV0.1.1_ST2.2.005_M0.0.82_GM1.0.82_12.32_Jul092021.zip,AC000W021507095,309587F2B4D2,a4:bb:6d:ce:ca:1c,KAY-DT-43,2021-08-17 15:45:41.331053,38.935,24.079,10.655,success,noInfo,2.119,1.675,0.829
noInfo,S17Q3081J6F7,AV2510A0US,10B051100XX4000A1XX0100PP60XXXXX,Lidar360P3.3308.14.7_sprint14.7_FV0.1.1_ST2.2.005_M0.0.82_GM1.0.82_12.32_Jul092021.zip,AC000W021507104,309587F2B389,a4:bb:6d:ce:ca:1c,KAY-DT-43,2021-08-17 15:48:17.767179,43.537,23.833,10.638,success,noInfo,2.146,1.671,0.818
noInfo,S17Q3081J6F5,AV2510A0US,10B051100XX4000A1XX0100PP60XXXXX,Lidar360P3.3308.14.7_sprint14.7_FV0.1.1_ST2.2.005_M0.0.82_GM1.0.82_12.32_Jul092021.zip,None_S17Q3081J6F5,,a4:bb:6d:ce:ca:1c,KAY-DT-43,2021-08-17 15:50:25.488044,51.583,23.833,10.515,failed,noInfo,2.146,1.671,0.817
noInfo,S17Q3081J6F5,AV2510A0US,10B051100XX4000A1XX0100PP60XXXXX,Lidar360P3.3308.14.7_sprint14.7_FV0.1.1_ST2.2.005_M0.0.82_GM1.0.82_12.32_Jul092021.zip,AC000W021507119,309587F2CA11,a4:bb:6d:ce:ca:1c,KAY-DT-43,2021-08-17 15:51:29.417078,44.319,23.758,3.195,success,noInfo,2.083,1.703,0.807
noInfo,S17Q3081J6F1,AV2510A0US,10B051100XX4000A1XX0100PP60XXXXX,Lidar360P3.3308.14.7_sprint14.7_FV0.1.1_ST2.2.005_M0.0.82_GM1.0.82_12.32_Jul092021.zip,AC000W021507131,309587F2B5C4,a4:bb:6d:ce:ca:1c,KAY-DT-43,2021-08-17 15:55:24.867380,43.591,24.143,10.928,success,noInfo,2.202,1.731,0.816
noInfo,S17Q3081J6A9,AV2510A0US,10B051100XX4000A1XX0100PP60XXXXX,Lidar360P3.3308.14.7_sprint14.7_FV0.1.1_ST2.2.005_M0.0.82_GM1.0.82_12.32_Jul092021.zip,AC000W021507140,20579ED33FC9,a4:bb:6d:ce:ca:1c,KAY-DT-43,2021-08-17 15:57:51.435586,34.261,23.749,10.761,success,noInfo,2.088,1.747,0.818
noInfo,S17Q3081J6A1,AV2510A0US,10B051100XX4000A1XX0100PP60XXXXX,Lidar360P3.3308.14.7_sprint14.7_FV0.1.1_ST2.2.005_M0.0.82_GM1.0.82_12.32_Jul092021.zip,AC000W021507148,309587F2C266,a4:bb:6d:ce:ca:1c,KAY-DT-43,2021-08-17 15:59:55.202351,37.554,23.978,10.794,success,noInfo,2.115,1.624,0.826
noInfo,S17Q3081J6H0,AV2510A0US,10B051100XX4000A1XX0100PP60XXXXX,Lidar360P3.3308.14.7_sprint14.7_FV0.1.1_ST2.2.005_M0.0.82_GM1.0.82_12.32_Jul092021.zip,AC000W021507156,309587F2B523,a4:bb:6d:ce:ca:1c,KAY-DT-43,2021-08-17 16:01:40.225477,42.738,23.972,10.724,success,noInfo,2.1,1.731,0.817
noInfo,S17Q3081J6Z0,AV2510A0US,10B051100XX4000A1XX0100PP60XXXXX,Lidar360P3.3308.14.7_sprint14.7_FV0.1.1_ST2.2.005_M0.0.82_GM1.0.82_12.32_Jul092021.zip,AC000W021507166,309587F2B524,a4:bb:6d:ce:ca:1c,KAY-DT-43,2021-08-17 16:03:17.948965,37.801,23.592,10.674,success,noInfo,2.148,1.6,0.819
noInfo,S17Q3081J6Z8,AV2510A0US,10B051100XX4000A1XX0100PP60XXXXX,Lidar360P3.3308.14.7_sprint14.7_FV0.1.1_ST2.2.005_M0.0.82_GM1.0.82_12.32_Jul092021.zip,AC000W021507174,309587F2B993,a4:bb:6d:ce:ca:1c,KAY-DT-43,2021-08-17 16:05:07.524172,43.458,23.761,10.694,success,noInfo,2.105,1.645,0.821
noInfo,S17Q3081J6Z4,AV2510A0US,10B051100XX4000A1XX0100PP60XXXXX,Lidar360P3.3308.14.7_sprint14.7_FV0.1.1_ST2.2.005_M0.0.82_GM1.0.82_12.32_Jul092021.zip,AC000W021507179,309587F2A922,a4:bb:6d:ce:ca:1c,KAY-DT-43,2021-08-17 16:06:47.647331,42.619,23.534,10.95,success,noInfo,2.145,1.59,0.818
noInfo,S17Q3081J6Z2,AV2510A0US,10B051100XX4000A1XX0100PP60XXXXX,Lidar360P3.3308.14.7_sprint14.7_FV0.1.1_ST2.2.005_M0.0.82_GM1.0.82_12.32_Jul092021.zip,AC000W021507187,309587F2A8C7,a4:bb:6d:ce:ca:1c,KAY-DT-43,2021-08-17 16:08:41.222011,38.939,23.764,10.701,success,noInfo,2.078,1.735,0.803
noInfo,S17Q3081J6H3,AV2510A0US,10B051100XX4000A1XX0100PP60XXXXX,Lidar360P3.3308.14.7_sprint14.7_FV0.1.1_ST2.2.005_M0.0.82_GM1.0.82_12.32_Jul092021.zip,AC000W021507196,309587917F72,a4:bb:6d:ce:ca:1c,KAY-DT-43,2021-08-17 16:11:19.169416,44.263,24.493,10.824,success,noInfo,2.154,1.732,0.814
noInfo,S17Q3081J5S8,AV2510A0US,10B051100XX4000A1XX0100PP60XXXXX,Lidar360P3.3308.14.7_sprint14.7_FV0.1.1_ST2.2.005_M0.0.82_GM1.0.82_12.32_Jul092021.zip,AC000W021507206,20579ED3414D,a4:bb:6d:ce:ca:1c,KAY-DT-43,2021-08-17 16:12:58.428312,43.109,23.203,10.793,success,noInfo,2.157,1.654,0.808
noInfo,S17Q3081J6H5,AV2510A0US,10B051100XX4000A1XX0100PP60XXXXX,Lidar360P3.3308.14.7_sprint14.7_FV0.1.1_ST2.2.005_M0.0.82_GM1.0.82_12.32_Jul092021.zip,AC000W021507214,20579ED340D1,a4:bb:6d:ce:ca:1c,KAY-DT-43,2021-08-17 16:14:40.327109,38.159,23.46,10.786,success,noInfo,2.114,1.646,0.817
noInfo,S17Q3081J6Z7,AV2510A0US,10B051100XX4000A1XX0100PP60XXXXX,Lidar360P3.3308.14.7_sprint14.7_FV0.1.1_ST2.2.005_M0.0.82_GM1.0.82_12.32_Jul092021.zip,AC000W021507224,309587F2C2E0,a4:bb:6d:ce:ca:1c,KAY-DT-43,2021-08-17 16:16:48.170302,42.552,23.962,10.88,success,noInfo,2.164,1.683,0.819
noInfo,S17Q3081J6K9,AV2510A0US,10B051100XX4000A1XX0100PP60XXXXX,Lidar360P3.3308.14.7_sprint14.7_FV0.1.1_ST2.2.005_M0.0.82_GM1.0.82_12.32_Jul092021.zip,AC000W021507230,20579ED33FF6,a4:bb:6d:ce:ca:1c,KAY-DT-43,2021-08-17 16:18:24.639461,44.139,24.079,10.754,success,noInfo,2.196,1.702,0.807
noInfo,S17Q3081J7S8,AV2510A0US,10B051100XX4000A1XX0100PP60XXXXX,Lidar360P3.3308.14.7_sprint14.7_FV0.1.1_ST2.2.005_M0.0.82_GM1.0.82_12.32_Jul092021.zip,AC000W021507240,309587F2BEA8,a4:bb:6d:ce:ca:1c,KAY-DT-43,2021-08-17 16:20:00.477302,40.119,23.858,10.833,success,noInfo,2.094,1.71,0.815
noInfo,S17Q3081J5R9,AV2510A0US,10B051100XX4000A1XX0100PP60XXXXX,Lidar360P3.3308.14.7_sprint14.7_FV0.1.1_ST2.2.005_M0.0.82_GM1.0.82_12.32_Jul092021.zip,AC000W021507245,20579ED34023,a4:bb:6d:ce:ca:1c,KAY-DT-43,2021-08-17 16:21:46.253331,37.502,24.402,10.923,success,noInfo,2.525,1.674,0.814
noInfo,S17Q3081J5S1,AV2510A0US,10B051100XX4000A1XX0100PP60XXXXX,Lidar360P3.3308.14.7_sprint14.7_FV0.1.1_ST2.2.005_M0.0.82_GM1.0.82_12.32_Jul092021.zip,AC000W021507254,309587F2CD00,a4:bb:6d:ce:ca:1c,KAY-DT-43,2021-08-17 16:23:23.745517,38.179,23.646,10.935,success,noInfo,2.073,1.728,0.83
noInfo,S17Q3081J7S3,AV2510A0US,10B051100XX4000A1XX0100PP60XXXXX,Lidar360P3.3308.14.7_sprint14.7_FV0.1.1_ST2.2.005_M0.0.82_GM1.0.82_12.32_Jul092021.zip,AC000W021507265,20579ED34032,a4:bb:6d:ce:ca:1c,KAY-DT-43,2021-08-17 16:25:49.407349,43.479,23.893,10.848,success,noInfo,2.121,1.759,0.815
noInfo,S17Q3081J5R1,AV2510A0US,10B051100XX4000A1XX0100PP60XXXXX,Lidar360P3.3308.14.7_sprint14.7_FV0.1.1_ST2.2.005_M0.0.82_GM1.0.82_12.32_Jul092021.zip,AC000W021507274,20579ED33FAF,a4:bb:6d:ce:ca:1c,KAY-DT-43,2021-08-17 16:27:33.521059,45.688,23.646,10.632,success,noInfo,2.186,1.726,0.814
noInfo,S17Q3081J5Q4,AV2510A0US,10B051100XX4000A1XX0100PP60XXXXX,Lidar360P3.3308.14.7_sprint14.7_FV0.1.1_ST2.2.005_M0.0.82_GM1.0.82_12.32_Jul092021.zip,AC000W021507280,309587F2CD41,a4:bb:6d:ce:ca:1c,KAY-DT-43,2021-08-17 16:29:17.502324,39.749,24.16,10.755,success,noInfo,2.136,1.673,0.818
noInfo,S17Q3081J9K3,AV2510A0US,10B051100XX4000A1XX0100PP60XXXXX,Lidar360P3.3308.14.7_sprint14.7_FV0.1.1_ST2.2.005_M0.0.82_GM1.0.82_12.32_Jul092021.zip,AC000W021507291,309587F2B996,a4:bb:6d:ce:ca:1c,KAY-DT-43,2021-08-17 16:31:08.446780,38.819,23.834,10.644,success,noInfo,2.147,1.661,0.82
noInfo,S17Q3081J5R0,AV2510A0US,10B051100XX4000A1XX0100PP60XXXXX,Lidar360P3.3308.14.7_sprint14.7_FV0.1.1_ST2.2.005_M0.0.82_GM1.0.82_12.32_Jul092021.zip,AC000W021507296,20579ED34097,a4:bb:6d:ce:ca:1c,KAY-DT-43,2021-08-17 16:32:31.210755,38.139,23.813,10.745,success,noInfo,2.139,1.612,0.806
noInfo,S17Q3081J5Q6,AV2510A0US,10B051100XX4000A1XX0100PP60XXXXX,Lidar360P3.3308.14.7_sprint14.7_FV0.1.1_ST2.2.005_M0.0.82_GM1.0.82_12.32_Jul092021.zip,AC000W021507301,20579ED34126,a4:bb:6d:ce:ca:1c,KAY-DT-43,2021-08-17 16:33:53.891085,38.652,23.89,10.687,success,noInfo,2.1,1.679,0.816
noInfo,S17Q3081J5Q0,AV2510A0US,10B051100XX4000A1XX0100PP60XXXXX,Lidar360P3.3308.14.7_sprint14.7_FV0.1.1_ST2.2.005_M0.0.82_GM1.0.82_12.32_Jul092021.zip,AC000W021507308,309587F2C38B,a4:bb:6d:ce:ca:1c,KAY-DT-43,2021-08-17 16:35:43.961645,32.428,23.735,10.7,success,noInfo,2.198,1.652,0.81
noInfo,S17Q3081J5Q5,AV2510A0US,10B051100XX4000A1XX0100PP60XXXXX,Lidar360P3.3308.14.7_sprint14.7_FV0.1.1_ST2.2.005_M0.0.82_GM1.0.82_12.32_Jul092021.zip,AC000W021507316,309587F2C2B4,a4:bb:6d:ce:ca:1c,KAY-DT-43,2021-08-17 16:37:09.310137,40.381,24.014,10.817,success,noInfo,2.167,1.593,0.825
noInfo,S17Q3081J5Q1,AV2510A0US,10B051100XX4000A1XX0100PP60XXXXX,Lidar360P3.3308.14.7_sprint14.7_FV0.1.1_ST2.2.005_M0.0.82_GM1.0.82_12.32_Jul092021.zip,AC000W021507322,309587F2B6A2,a4:bb:6d:ce:ca:1c,KAY-DT-43,2021-08-17 16:38:48.354981,38.375,23.74,10.819,success,noInfo,2.191,1.716,0.807
noInfo,S17Q3081J5K1,AV2510A0US,10B051100XX4000A1XX0100PP60XXXXX,Lidar360P3.3308.14.7_sprint14.7_FV0.1.1_ST2.2.005_M0.0.82_GM1.0.82_12.32_Jul092021.zip,AC000W021507332,309587F2BA7D,a4:bb:6d:ce:ca:1c,KAY-DT-43,2021-08-17 16:41:19.858743,37.997,23.883,10.655,success,noInfo,2.207,1.693,0.816
noInfo,S17Q3081J5K7,AV2510A0US,10B051100XX4000A1XX0100PP60XXXXX,Lidar360P3.3308.14.7_sprint14.7_FV0.1.1_ST2.2.005_M0.0.82_GM1.0.82_12.32_Jul092021.zip,AC000W021507340,309587F2ABC4,a4:bb:6d:ce:ca:1c,KAY-DT-43,2021-08-17 16:42:58.270889,38.598,23.716,10.868,success,noInfo,2.149,1.666,0.832
noInfo,S17Q3081J5K8,AV2510A0US,10B051100XX4000A1XX0100PP60XXXXX,Lidar360P3.3308.14.7_sprint14.7_FV0.1.1_ST2.2.005_M0.0.82_GM1.0.82_12.32_Jul092021.zip,AC000W021507346,20579ED33FF3,a4:bb:6d:ce:ca:1c,KAY-DT-43,2021-08-17 16:44:44.167712,38.769,23.847,10.613,success,noInfo,2.088,1.658,0.807
noInfo,S17Q3081J5K6,AV2510A0US,10B051100XX4000A1XX0100PP60XXXXX,Lidar360P3.3308.14.7_sprint14.7_FV0.1.1_ST2.2.005_M0.0.82_GM1.0.82_12.32_Jul092021.zip,None_S17Q3081J5K6,,a4:bb:6d:ce:ca:1c,KAY-DT-43,2021-08-17 16:46:31.822048,62.066,23.847,10.624,failed,noInfo,2.088,1.658,0.816
noInfo,S17Q3081J5K6,AV2510A0US,10B051100XX4000A1XX0100PP60XXXXX,Lidar360P3.3308.14.7_sprint14.7_FV0.1.1_ST2.2.005_M0.0.82_GM1.0.82_12.32_Jul092021.zip,None_S17Q3081J5K6,,a4:bb:6d:ce:ca:1c,KAY-DT-43,2021-08-17 16:48:06.877505,51.622,23.847,3.202,failed,noInfo,2.088,1.658,0.824
noInfo,S17Q3081J5K6,AV2510A0US,10B051100XX4000A1XX0100PP60XXXXX,Lidar360P3.3308.14.7_sprint14.7_FV0.1.1_ST2.2.005_M0.0.82_GM1.0.82_12.32_Jul092021.zip,None_S17Q3081J5K6,,a4:bb:6d:ce:ca:1c,KAY-DT-43,2021-08-17 16:49:10.478977,51.585,23.847,3.194,failed,noInfo,2.088,1.658,0.816
noInfo,S17Q3081J5K6,AV2510A0US,10B051100XX4000A1XX0100PP60XXXXX,Lidar360P3.3308.14.7_sprint14.7_FV0.1.1_ST2.2.005_M0.0.82_GM1.0.82_12.32_Jul092021.zip,None_S17Q3081J5K6,,a4:bb:6d:ce:ca:1c,KAY-DT-43,2021-08-17 16:50:27.892956,53.021,23.847,3.186,failed,noInfo,2.088,1.658,0.805
noInfo,S17Q3081J5K6,AV2510A0US,10B051100XX4000A1XX0100PP60XXXXX,Lidar360P3.3308.14.7_sprint14.7_FV0.1.1_ST2.2.005_M0.0.82_GM1.0.82_12.32_Jul092021.zip,AC000W021507375,309587F2CC3E,a4:bb:6d:ce:ca:1c,KAY-DT-43,2021-08-17 16:51:59.207055,43.032,24.429,3.204,success,noInfo,2.164,1.612,0.825
noInfo,S17Q3081J5R5,AV2510A0US,10B051100XX4000A1XX0100PP60XXXXX,Lidar360P3.3308.14.7_sprint14.7_FV0.1.1_ST2.2.005_M0.0.82_GM1.0.82_12.32_Jul092021.zip,AC000W021507386,309587F2A91F,a4:bb:6d:ce:ca:1c,KAY-DT-43,2021-08-17 16:53:48.776020,36.7,23.823,10.871,success,noInfo,2.138,1.72,0.818
noInfo,S17Q3081J5H8,AV2510A0US,10B051100XX4000A1XX0100PP60XXXXX,Lidar360P3.3308.14.7_sprint14.7_FV0.1.1_ST2.2.005_M0.0.82_GM1.0.82_12.32_Jul092021.zip,AC000W021507395,309587F2B6C4,a4:bb:6d:ce:ca:1c,KAY-DT-43,2021-08-17 16:56:01.735154,46.839,24.372,10.88,success,noInfo,2.175,1.669,0.817
noInfo,S17Q3081J5H6,AV2510A0US,10B051100XX4000A1XX0100PP60XXXXX,Lidar360P3.3308.14.7_sprint14.7_FV0.1.1_ST2.2.005_M0.0.82_GM1.0.82_12.32_Jul092021.zip,AC000W021507403,309587F2BA71,a4:bb:6d:ce:ca:1c,KAY-DT-43,2021-08-17 16:58:17.334061,38.399,23.916,10.705,success,noInfo,2.137,1.664,0.82
noInfo,S17Q3081J5F5,AV2510A0US,10B051100XX4000A1XX0100PP60XXXXX,Lidar360P3.3308.14.7_sprint14.7_FV0.1.1_ST2.2.005_M0.0.82_GM1.0.82_12.32_Jul092021.zip,AC000W021507415,309587F2C936,a4:bb:6d:ce:ca:1c,KAY-DT-43,2021-08-17 17:00:24.246079,36.623,24.149,10.833,success,noInfo,2.203,1.749,0.811
noInfo,S17Q3081J5F1,AV2510A0US,10B051100XX4000A1XX0100PP60XXXXX,Lidar360P3.3308.14.7_sprint14.7_FV0.1.1_ST2.2.005_M0.0.82_GM1.0.82_12.32_Jul092021.zip,AC000W021507423,309587F2C935,a4:bb:6d:ce:ca:1c,KAY-DT-43,2021-08-17 17:02:19.618031,36.555,23.865,10.862,success,noInfo,2.119,1.669,0.812
noInfo,S17Q3081J5F8,AV2510A0US,10B051100XX4000A1XX0100PP60XXXXX,Lidar360P3.3308.14.7_sprint14.7_FV0.1.1_ST2.2.005_M0.0.82_GM1.0.82_12.32_Jul092021.zip,AC000W021507433,20579ED34013,a4:bb:6d:ce:ca:1c,KAY-DT-43,2021-08-17 17:04:22.789930,36.673,24.027,10.813,success,noInfo,2.15,1.694,0.821
noInfo,S17Q3081J5F2,AV2510A0US,10B051100XX4000A1XX0100PP60XXXXX,Lidar360P3.3308.14.7_sprint14.7_FV0.1.1_ST2.2.005_M0.0.82_GM1.0.82_12.32_Jul092021.zip,None_S17Q3081J5F2,,a4:bb:6d:ce:ca:1c,KAY-DT-43,2021-08-17 17:06:21.973041,51.504,24.027,10.796,failed,noInfo,2.15,1.694,0.806
noInfo,S17Q3081J5F2,AV2510A0US,10B051100XX4000A1XX0100PP60XXXXX,Lidar360P3.3308.14.7_sprint14.7_FV0.1.1_ST2.2.005_M0.0.82_GM1.0.82_12.32_Jul092021.zip,None_S17Q3081J5F2,,a4:bb:6d:ce:ca:1c,KAY-DT-43,2021-08-17 17:07:53.017042,62.173,24.027,3.205,failed,noInfo,2.15,1.694,0.821
noInfo,S17Q3081J5F2,AV2510A0US,10B051100XX4000A1XX0100PP60XXXXX,Lidar360P3.3308.14.7_sprint14.7_FV0.1.1_ST2.2.005_M0.0.82_GM1.0.82_12.32_Jul092021.zip,AC000W021507450,309587F2BE7B,a4:bb:6d:ce:ca:1c,KAY-DT-43,2021-08-17 17:09:17.191038,37.966,23.707,3.184,success,noInfo,2.139,1.601,0.818
noInfo,S17Q3081J4U1,AV2510A0US,10B051100XX4000A1XX0100PP60XXXXX,Lidar360P3.3308.14.7_sprint14.7_FV0.1.1_ST2.2.005_M0.0.82_GM1.0.82_12.32_Jul092021.zip,None_S17Q3081J4U1,,a4:bb:6d:ce:ca:1c,KAY-DT-43,2021-08-17 17:11:20.904231,62.098,23.707,10.674,failed,noInfo,2.139,1.601,0.808
noInfo,S17Q3081J4U1,AV2510A0US,10B051100XX4000A1XX0100PP60XXXXX,Lidar360P3.3308.14.7_sprint14.7_FV0.1.1_ST2.2.005_M0.0.82_GM1.0.82_12.32_Jul092021.zip,AC000W021507467,20579ED340C9,a4:bb:6d:ce:ca:1c,KAY-DT-43,2021-08-17 17:13:15.968584,37.205,24.286,3.2,success,noInfo,2.231,1.708,0.803
noInfo,S17Q3081J5A4,AV2510A0US,10B051100XX4000A1XX0100PP60XXXXX,Lidar360P3.3308.14.7_sprint14.7_FV0.1.1_ST2.2.005_M0.0.82_GM1.0.82_12.32_Jul092021.zip,AC000W021507476,309587F2AB2C,a4:bb:6d:ce:ca:1c,KAY-DT-43,2021-08-17 17:15:32.012259,42.858,23.686,10.648,success,noInfo,2.107,1.714,0.814
noInfo,S17Q3081J5A0,AV2510A0US,10B051100XX4000A1XX0100PP60XXXXX,Lidar360P3.3308.14.7_sprint14.7_FV0.1.1_ST2.2.005_M0.0.82_GM1.0.82_12.32_Jul092021.zip,AC000W021507485,309587F2C3F6,a4:bb:6d:ce:ca:1c,KAY-DT-43,2021-08-17 17:17:26.247049,36.653,23.473,10.805,success,noInfo,2.139,1.674,0.818
noInfo,S17Q3081J5Z2,AV2510A0US,10B051100XX4000A1XX0100PP60XXXXX,Lidar360P3.3308.14.7_sprint14.7_FV0.1.1_ST2.2.005_M0.0.82_GM1.0.82_12.32_Jul092021.zip,None_S17Q3081J5Z2,,a4:bb:6d:ce:ca:1c,KAY-DT-43,2021-08-17 17:19:48.503727,51.577,23.473,10.74,failed,noInfo,2.139,1.674,0.846
noInfo,S17Q3081J5Z2,AV2510A0US,10B051100XX4000A1XX0100PP60XXXXX,Lidar360P3.3308.14.7_sprint14.7_FV0.1.1_ST2.2.005_M0.0.82_GM1.0.82_12.32_Jul092021.zip,AC000W021507499,309587F2C1BC,a4:bb:6d:ce:ca:1c,KAY-DT-43,2021-08-17 17:21:11.507069,38.788,24.173,3.189,success,noInfo,2.262,1.666,0.812
noInfo,S17Q3081J5H5,AV2510A0US,10B051100XX4000A1XX0100PP60XXXXX,Lidar360P3.3308.14.7_sprint14.7_FV0.1.1_ST2.2.005_M0.0.82_GM1.0.82_12.32_Jul092021.zip,AC000W021507517,309587F2B5DB,a4:bb:6d:ce:ca:1c,KAY-DT-43,2021-08-17 17:26:14.507571,37.344,24.495,10.691,success,noInfo,2.164,1.691,0.807
noInfo,S17Q3081J4U8,AV2510A0US,10B051100XX4000A1XX0100PP60XXXXX,Lidar360P3.3308.14.7_sprint14.7_FV0.1.1_ST2.2.005_M0.0.82_GM1.0.82_12.32_Jul092021.zip,AC000W021507525,309587F2B5EB,a4:bb:6d:ce:ca:1c,KAY-DT-43,2021-08-17 17:29:21.429214,42.778,23.534,10.771,success,noInfo,2.084,1.787,0.812
noInfo,S17Q3081J4S3,AV2510A0US,10B051100XX4000A1XX0100PP60XXXXX,Lidar360P3.3308.14.7_sprint14.7_FV0.1.1_ST2.2.005_M0.0.82_GM1.0.82_12.32_Jul092021.zip,AC000W021507533,309587F2A7A2,a4:bb:6d:ce:ca:1c,KAY-DT-43,2021-08-17 18:15:51.160116,44.882,24.2,10.755,success,noInfo,2.22,1.738,0.813
noInfo,S17Q3081J6F0,AV2510A0US,10B051100XX4000A1XX0100PP60XXXXX,Lidar360P3.3308.14.7_sprint14.7_FV0.1.1_ST2.2.005_M0.0.82_GM1.0.82_12.32_Jul092021.zip,AC000W021507542,309587F2BE05,a4:bb:6d:ce:ca:1c,KAY-DT-43,2021-08-17 18:18:39.549271,40.831,23.712,10.686,success,noInfo,2.103,1.646,0.813
noInfo,S17Q3081J4S6,AV2510A0US,10B051100XX4000A1XX0100PP60XXXXX,Lidar360P3.3308.14.7_sprint14.7_FV0.1.1_ST2.2.005_M0.0.82_GM1.0.82_12.32_Jul092021.zip,None_S17Q3081J4S6,,a4:bb:6d:ce:ca:1c,KAY-DT-43,2021-08-17 18:20:45.067058,51.563,23.712,10.55,failed,noInfo,2.103,1.646,0.811
noInfo,S17Q3081J4S6,AV2510A0US,10B051100XX4000A1XX0100PP60XXXXX,Lidar360P3.3308.14.7_sprint14.7_FV0.1.1_ST2.2.005_M0.0.82_GM1.0.82_12.32_Jul092021.zip,AC000W021507555,309587F2B520,a4:bb:6d:ce:ca:1c,KAY-DT-43,2021-08-17 18:21:56.799987,38.525,23.346,3.191,success,noInfo,2.057,1.739,0.908
noInfo,S17Q3081J4R6,AV2510A0US,10B051100XX4000A1XX0100PP60XXXXX,Lidar360P3.3308.14.7_sprint14.7_FV0.1.1_ST2.2.005_M0.0.82_GM1.0.82_12.32_Jul092021.zip,None_S17Q3081J4R6,,a4:bb:6d:ce:ca:1c,KAY-DT-43,2021-08-17 18:23:36.958898,51.607,23.346,10.887,failed,noInfo,2.057,1.739,0.802
noInfo,S17Q3081J4R6,AV2510A0US,10B051100XX4000A1XX0100PP60XXXXX,Lidar360P3.3308.14.7_sprint14.7_FV0.1.1_ST2.2.005_M0.0.82_GM1.0.82_12.32_Jul092021.zip,AC000W021507569,309587F2B2C2,a4:bb:6d:ce:ca:1c,KAY-DT-43,2021-08-17 18:24:46.622459,42.663,23.909,3.622,success,noInfo,2.145,1.626,0.81
noInfo,S17Q3081J4U4,AV2510A0US,10B051100XX4000A1XX0100PP60XXXXX,Lidar360P3.3308.14.7_sprint14.7_FV0.1.1_ST2.2.005_M0.0.82_GM1.0.82_12.32_Jul092021.zip,AC000W021507575,309587F2CFDB,a4:bb:6d:ce:ca:1c,KAY-DT-43,2021-08-17 18:26:56.371998,36.062,24.488,11.1,success,noInfo,2.119,1.682,0.82
noInfo,S17Q3081J4R1,AV2510A0US,10B051100XX4000A1XX0100PP60XXXXX,Lidar360P3.3308.14.7_sprint14.7_FV0.1.1_ST2.2.005_M0.0.82_GM1.0.82_12.32_Jul092021.zip,AC000W021507584,309587F2BE59,a4:bb:6d:ce:ca:1c,KAY-DT-43,2021-08-17 18:28:59.492998,37.154,24.104,10.803,success,noInfo,2.166,1.623,0.823
noInfo,S17Q3081J4S5,AV2510A0US,10B051100XX4000A1XX0100PP60XXXXX,Lidar360P3.3308.14.7_sprint14.7_FV0.1.1_ST2.2.005_M0.0.82_GM1.0.82_12.32_Jul092021.zip,AC000W021507589,20579E49297D,a4:bb:6d:ce:ca:1c,KAY-DT-43,2021-08-17 18:31:03.032961,36.172,23.55,11.009,success,noInfo,2.177,1.616,0.822
noInfo,S17Q3081J5H0,AV2510A0US,10B051100XX4000A1XX0100PP60XXXXX,Lidar360P3.3308.14.7_sprint14.7_FV0.1.1_ST2.2.005_M0.0.82_GM1.0.82_12.32_Jul092021.zip,AC000W021507598,309587F2A4FD,a4:bb:6d:ce:ca:1c,KAY-DT-43,2021-08-17 18:33:12.359662,38.473,24.059,10.696,success,noInfo,2.127,1.644,0.818
noInfo,S17Q3081J4Q7,AV2510A0US,10B051100XX4000A1XX0100PP60XXXXX,Lidar360P3.3308.14.7_sprint14.7_FV0.1.1_ST2.2.005_M0.0.82_GM1.0.82_12.32_Jul092021.zip,AC000W021507603,309587F2A79D,a4:bb:6d:ce:ca:1c,KAY-DT-43,2021-08-17 18:35:35.531969,44.593,23.867,10.781,success,noInfo,2.104,1.7,0.813
noInfo,S17Q3081J4Q2,AV2510A0US,10B051100XX4000A1XX0100PP60XXXXX,Lidar360P3.3308.14.7_sprint14.7_FV0.1.1_ST2.2.005_M0.0.82_GM1.0.82_12.32_Jul092021.zip,AC000W021507613,309587F2B647,a4:bb:6d:ce:ca:1c,KAY-DT-43,2021-08-17 18:37:20.642279,42.421,24.163,10.947,success,noInfo,2.192,1.657,0.815
noInfo,S17Q3081J4K1,AV2510A0US,10B051100XX4000A1XX0100PP60XXXXX,Lidar360P3.3308.14.7_sprint14.7_FV0.1.1_ST2.2.005_M0.0.82_GM1.0.82_12.32_Jul092021.zip,None_S17Q3081J4K1,,a4:bb:6d:ce:ca:1c,KAY-DT-43,2021-08-17 18:39:19.392696,74.882,24.163,10.573,failed,noInfo,2.192,1.657,0.819
noInfo,S17Q3081J4K1,AV2510A0US,10B051100XX4000A1XX0100PP60XXXXX,Lidar360P3.3308.14.7_sprint14.7_FV0.1.1_ST2.2.005_M0.0.82_GM1.0.82_12.32_Jul092021.zip,AC000W021507626,309587F2AB50,a4:bb:6d:ce:ca:1c,KAY-DT-43,2021-08-17 18:40:46.392949,34.24,23.715,3.189,success,noInfo,2.151,1.691,0.817
noInfo,S17Q3081J4R4,AV2510A0US,10B051100XX4000A1XX0100PP60XXXXX,Lidar360P3.3308.14.7_sprint14.7_FV0.1.1_ST2.2.005_M0.0.82_GM1.0.82_12.32_Jul092021.zip,AC000W021507636,309587F2B646,a4:bb:6d:ce:ca:1c,KAY-DT-43,2021-08-17 18:43:08.330966,42.872,23.925,10.798,success,noInfo,2.179,1.64,0.807
noInfo,S17Q3081J4K3,AV2510A0US,10B051100XX4000A1XX0100PP60XXXXX,Lidar360P3.3308.14.7_sprint14.7_FV0.1.1_ST2.2.005_M0.0.82_GM1.0.82_12.32_Jul092021.zip,AC000W021507643,309587F2AA17,a4:bb:6d:ce:ca:1c,KAY-DT-43,2021-08-17 18:45:06.244091,44.245,23.7,10.866,success,noInfo,2.165,1.684,0.809
noInfo,S17Q3081J4J4,AV2510A0US,10B051100XX4000A1XX0100PP60XXXXX,Lidar360P3.3308.14.7_sprint14.7_FV0.1.1_ST2.2.005_M0.0.82_GM1.0.82_12.32_Jul092021.zip,None_S17Q3081J4J4,,a4:bb:6d:ce:ca:1c,KAY-DT-43,2021-08-17 18:47:01.063886,51.595,23.7,10.985,failed,noInfo,2.165,1.684,0.816
noInfo,S17Q3081J4J4,AV2510A0US,10B051100XX4000A1XX0100PP60XXXXX,Lidar360P3.3308.14.7_sprint14.7_FV0.1.1_ST2.2.005_M0.0.82_GM1.0.82_12.32_Jul092021.zip,AC000W021507657,309587F2A9F7,a4:bb:6d:ce:ca:1c,KAY-DT-43,2021-08-17 18:48:16.457355,37.413,23.404,3.192,success,noInfo,2.176,1.695,0.822
noInfo,S17Q3081J4U6,AV2510A0US,10B051100XX4000A1XX0100PP60XXXXX,Lidar360P3.3308.14.7_sprint14.7_FV0.1.1_ST2.2.005_M0.0.82_GM1.0.82_12.32_Jul092021.zip,AC000W021507665,20579ED340AB,a4:bb:6d:ce:ca:1c,KAY-DT-43,2021-08-17 18:50:00.365966,39.131,23.64,10.769,success,noInfo,2.112,1.711,0.812
noInfo,S17Q3081J4J2,AV2510A0US,10B051100XX4000A1XX0100PP60XXXXX,Lidar360P3.3308.14.7_sprint14.7_FV0.1.1_ST2.2.005_M0.0.82_GM1.0.82_12.32_Jul092021.zip,None_S17Q3081J4J2,,a4:bb:6d:ce:ca:1c,KAY-DT-43,2021-08-17 18:51:31.889940,62.084,23.64,10.881,failed,noInfo,2.112,1.711,0.813
noInfo,S17Q3081J4J2,AV2510A0US,10B051100XX4000A1XX0100PP60XXXXX,Lidar360P3.3308.14.7_sprint14.7_FV0.1.1_ST2.2.005_M0.0.82_GM1.0.82_12.32_Jul092021.zip,AC000W021507676,20579ED341D6,a4:bb:6d:ce:ca:1c,KAY-DT-43,2021-08-17 18:52:50.154991,37.734,23.714,3.186,success,noInfo,2.14,1.604,0.813
noInfo,S17Q3081J4J0,AV2510A0US,10B051100XX4000A1XX0100PP60XXXXX,Lidar360P3.3308.14.7_sprint14.7_FV0.1.1_ST2.2.005_M0.0.82_GM1.0.82_12.32_Jul092021.zip,AC000W021507684,20579ED33FCB,a4:bb:6d:ce:ca:1c,KAY-DT-43,2021-08-17 18:54:18.051996,39.91,24.427,10.848,success,noInfo,2.11,1.8,0.814
noInfo,S17Q3081J4H1,AV2510A0US,10B051100XX4000A1XX0100PP60XXXXX,Lidar360P3.3308.14.7_sprint14.7_FV0.1.1_ST2.2.005_M0.0.82_GM1.0.82_12.32_Jul092021.zip,None_S17Q3081J4H1,,a4:bb:6d:ce:ca:1c,KAY-DT-43,2021-08-17 18:55:42.867191,51.591,24.427,10.531,failed,noInfo,2.11,1.8,0.829
noInfo,S17Q3081J4H1,AV2510A0US,10B051100XX4000A1XX0100PP60XXXXX,Lidar360P3.3308.14.7_sprint14.7_FV0.1.1_ST2.2.005_M0.0.82_GM1.0.82_12.32_Jul092021.zip,AC000W021507692,309587F2B583,a4:bb:6d:ce:ca:1c,KAY-DT-43,2021-08-17 18:56:46.938567,39.518,23.738,3.199,success,noInfo,2.12,1.754,0.813
noInfo,S17Q3081J5Z4,AV2510A0US,10B051100XX4000A1XX0100PP60XXXXX,Lidar360P3.3308.14.7_sprint14.7_FV0.1.1_ST2.2.005_M0.0.82_GM1.0.82_12.32_Jul092021.zip,None_S17Q3081J5Z4,,a4:bb:6d:ce:ca:1c,KAY-DT-43,2021-08-17 18:58:12.454564,51.573,23.738,10.552,failed,noInfo,2.12,1.754,0.808
noInfo,S17Q3081J5Z4,AV2510A0US,10B051100XX4000A1XX0100PP60XXXXX,Lidar360P3.3308.14.7_sprint14.7_FV0.1.1_ST2.2.005_M0.0.82_GM1.0.82_12.32_Jul092021.zip,AC000W021507699,309587F2B5BB,a4:bb:6d:ce:ca:1c,KAY-DT-43,2021-08-17 18:59:15.562007,37.838,23.865,3.203,success,noInfo,2.17,1.648,0.814
noInfo,S17Q3081J4H7,AV2510A0US,10B051100XX4000A1XX0100PP60XXXXX,Lidar360P3.3308.14.7_sprint14.7_FV0.1.1_ST2.2.005_M0.0.82_GM1.0.82_12.32_Jul092021.zip,AC000W021507706,309587F2BE29,a4:bb:6d:ce:ca:1c,KAY-DT-43,2021-08-17 19:01:42.229892,43.296,24.183,10.791,success,noInfo,2.175,1.751,0.804
noInfo,S17Q3081J4S1,AV2510A0US,10B051100XX4000A1XX0100PP60XXXXX,Lidar360P3.3308.14.7_sprint14.7_FV0.1.1_ST2.2.005_M0.0.82_GM1.0.82_12.32_Jul092021.zip,None_S17Q3081J4S1,,a4:bb:6d:ce:ca:1c,KAY-DT-43,2021-08-17 19:04:26.227142,53.665,24.183,10.83,failed,noInfo,2.175,1.751,0.814
noInfo,S17Q3081J4S1,AV2510A0US,10B051100XX4000A1XX0100PP60XXXXX,Lidar360P3.3308.14.7_sprint14.7_FV0.1.1_ST2.2.005_M0.0.82_GM1.0.82_12.32_Jul092021.zip,AC000W021507722,309587F2AA68,a4:bb:6d:ce:ca:1c,KAY-DT-43,2021-08-17 19:05:44.940014,38.663,24.033,3.195,success,noInfo,2.141,1.796,0.818
noInfo,S17Q3081J4F3,AV2510A0US,10B051100XX4000A1XX0100PP60XXXXX,Lidar360P3.3308.14.7_sprint14.7_FV0.1.1_ST2.2.005_M0.0.82_GM1.0.82_12.32_Jul092021.zip,AC000W021507729,309587F2B34D,a4:bb:6d:ce:ca:1c,KAY-DT-43,2021-08-17 19:07:16.848290,40.701,23.613,10.529,success,noInfo,2.181,1.619,0.808
noInfo,S17Q3081J4F4,AV2510A0US,10B051100XX4000A1XX0100PP60XXXXX,Lidar360P3.3308.14.7_sprint14.7_FV0.1.1_ST2.2.005_M0.0.82_GM1.0.82_12.32_Jul092021.zip,AC000W021507736,309587F2CCDC,a4:bb:6d:ce:ca:1c,KAY-DT-43,2021-08-17 19:09:20.800967,32.223,23.544,10.741,success,noInfo,2.131,1.675,0.813
noInfo,S17Q3081J4A4,AV2510A0US,10B051100XX4000A1XX0100PP60XXXXX,Lidar360P3.3308.14.7_sprint14.7_FV0.1.1_ST2.2.005_M0.0.82_GM1.0.82_12.32_Jul092021.zip,AC000W021507746,20579ED34113,a4:bb:6d:ce:ca:1c,KAY-DT-43,2021-08-17 19:11:18.626001,46.261,23.787,10.811,success,noInfo,2.131,1.598,0.805
noInfo,S17Q3081J4H4,AV2510A0US,10B051100XX4000A1XX0100PP60XXXXX,Lidar360P3.3308.14.7_sprint14.7_FV0.1.1_ST2.2.005_M0.0.82_GM1.0.82_12.32_Jul092021.zip,None_S17Q3081J4H4,,a4:bb:6d:ce:ca:1c,KAY-DT-43,2021-08-17 19:13:27.982267,51.546,23.787,10.703,failed,noInfo,2.131,1.598,0.813
noInfo,S17Q3081J4H4,AV2510A0US,10B051100XX4000A1XX0100PP60XXXXX,Lidar360P3.3308.14.7_sprint14.7_FV0.1.1_ST2.2.005_M0.0.82_GM1.0.82_12.32_Jul092021.zip,None_S17Q3081J4H4,,a4:bb:6d:ce:ca:1c,KAY-DT-43,2021-08-17 19:14:34.564010,62.091,23.787,3.187,failed,noInfo,2.131,1.598,0.814
noInfo,S17Q3081J4H4,AV2510A0US,10B051100XX4000A1XX0100PP60XXXXX,Lidar360P3.3308.14.7_sprint14.7_FV0.1.1_ST2.2.005_M0.0.82_GM1.0.82_12.32_Jul092021.zip,None_S17Q3081J4H4,,a4:bb:6d:ce:ca:1c,KAY-DT-43,2021-08-17 19:16:06.892589,53.245,23.787,3.18,failed,noInfo,2.131,1.598,0.824
noInfo,S17Q3081J4H4,AV2510A0US,10B051100XX4000A1XX0100PP60XXXXX,Lidar360P3.3308.14.7_sprint14.7_FV0.1.1_ST2.2.005_M0.0.82_GM1.0.82_12.32_Jul092021.zip,None_S17Q3081J4H4,,a4:bb:6d:ce:ca:1c,KAY-DT-43,2021-08-17 19:17:24.623411,51.571,23.787,3.195,failed,noInfo,2.131,1.598,0.815
noInfo,S17Q3081J4H4,AV2510A0US,10B051100XX4000A1XX0100PP60XXXXX,Lidar360P3.3308.14.7_sprint14.7_FV0.1.1_ST2.2.005_M0.0.82_GM1.0.82_12.32_Jul092021.zip,None_S17Q3081J4H4,,a4:bb:6d:ce:ca:1c,KAY-DT-43,2021-08-17 19:20:11.357088,62.088,23.787,3.19,failed,noInfo,2.131,1.598,0.817
noInfo,S17Q3081J4Q9,AV2510A0US,10B051100XX4000A1XX0100PP60XXXXX,Lidar360P3.3308.14.7_sprint14.7_FV0.1.1_ST2.2.005_M0.0.82_GM1.0.82_12.32_Jul092021.zip,AC000W021507833,309587F2CA32,a4:bb:6d:ce:ca:1c,KAY-DT-43,2021-08-17 19:34:17.969811,39.825,23.412,3.191,success,noInfo,2.139,1.883,0.817
noInfo,S17Q3081J3S1,AV2510A0US,10B051100XX4000A1XX0100PP60XXXXX,Lidar360P3.3308.14.7_sprint14.7_FV0.1.1_ST2.2.005_M0.0.82_GM1.0.82_12.32_Jul092021.zip,AC000W021507842,309587F2C441,a4:bb:6d:ce:ca:1c,KAY-DT-43,2021-08-17 19:36:02.311970,44.66,23.861,10.936,success,noInfo,2.141,2.039,0.818
noInfo,S17Q3081J3R8,AV2510A0US,10B051100XX4000A1XX0100PP60XXXXX,Lidar360P3.3308.14.7_sprint14.7_FV0.1.1_ST2.2.005_M0.0.82_GM1.0.82_12.32_Jul092021.zip,None_S17Q3081J3R8,,a4:bb:6d:ce:ca:1c,KAY-DT-43,2021-08-17 19:37:35.802555,54.118,23.861,10.58,failed,noInfo,2.141,2.039,0.801
noInfo,S17Q3081J3R8,AV2510A0US,10B051100XX4000A1XX0100PP60XXXXX,Lidar360P3.3308.14.7_sprint14.7_FV0.1.1_ST2.2.005_M0.0.82_GM1.0.82_12.32_Jul092021.zip,AC000W021507852,309587F2C440,a4:bb:6d:ce:ca:1c,KAY-DT-43,2021-08-17 19:38:39.690885,38.104,23.896,3.194,success,noInfo,2.191,1.62,0.82
noInfo,S17Q3081J3K2,AV2510A0US,10B051100XX4000A1XX0100PP60XXXXX,Lidar360P3.3308.14.7_sprint14.7_FV0.1.1_ST2.2.005_M0.0.82_GM1.0.82_12.32_Jul092021.zip,None_S17Q3081J3K2,,a4:bb:6d:ce:ca:1c,KAY-DT-43,2021-08-17 19:40:06.765039,62.046,23.896,10.8,failed,noInfo,2.191,1.62,0.807
noInfo,S17Q3081J3K2,AV2510A0US,10B051100XX4000A1XX0100PP60XXXXX,Lidar360P3.3308.14.7_sprint14.7_FV0.1.1_ST2.2.005_M0.0.82_GM1.0.82_12.32_Jul092021.zip,AC000W021507862,309587F2BE69,a4:bb:6d:ce:ca:1c,KAY-DT-43,2021-08-17 19:41:28.070691,40.157,23.713,3.181,success,noInfo,2.092,1.69,0.815
noInfo,S17Q3081J3Q8,AV2510A0US,10B051100XX4000A1XX0100PP60XXXXX,Lidar360P3.3308.14.7_sprint14.7_FV0.1.1_ST2.2.005_M0.0.82_GM1.0.82_12.32_Jul092021.zip,AC000W021507870,309587F2A889,a4:bb:6d:ce:ca:1c,KAY-DT-43,2021-08-17 19:43:11.124438,41.314,24.046,10.438,success,noInfo,2.126,1.742,0.808
noInfo,S17Q3081J3R0,AV2510A0US,10B051100XX4000A1XX0100PP60XXXXX,Lidar360P3.3308.14.7_sprint14.7_FV0.1.1_ST2.2.005_M0.0.82_GM1.0.82_12.32_Jul092021.zip,AC000W021507877,309587F2CD31,a4:bb:6d:ce:ca:1c,KAY-DT-43,2021-08-17 19:44:43.272139,38.96,23.625,10.724,success,noInfo,2.137,1.632,0.809
noInfo,S17Q3081J3R2,AV2510A0US,10B051100XX4000A1XX0100PP60XXXXX,Lidar360P3.3308.14.7_sprint14.7_FV0.1.1_ST2.2.005_M0.0.82_GM1.0.82_12.32_Jul092021.zip,AC000W021507885,309587F2A8BA,a4:bb:6d:ce:ca:1c,KAY-DT-43,2021-08-17 19:46:23.334588,42.18,23.894,10.615,success,noInfo,2.121,1.677,0.813
noInfo,S17Q3081J3S5,AV2510A0US,10B051100XX4000A1XX0100PP60XXXXX,Lidar360P3.3308.14.7_sprint14.7_FV0.1.1_ST2.2.005_M0.0.82_GM1.0.82_12.32_Jul092021.zip,AC000W021507898,309587F2C27D,a4:bb:6d:ce:ca:1c,KAY-DT-43,2021-08-17 19:49:02.602170,44.961,24.098,10.666,success,noInfo,2.078,1.67,0.809
noInfo,S17Q3081J3K7,AV2510A0US,10B051100XX4000A1XX0100PP60XXXXX,Lidar360P3.3308.14.7_sprint14.7_FV0.1.1_ST2.2.005_M0.0.82_GM1.0.82_12.32_Jul092021.zip,AC000W021507907,309587F2A9E9,a4:bb:6d:ce:ca:1c,KAY-DT-43,2021-08-17 19:50:47.088135,43.592,23.652,10.777,success,noInfo,2.088,1.757,0.807
noInfo,S17Q3081J3Q4,AV2510A0US,10B051100XX4000A1XX0100PP60XXXXX,Lidar360P3.3308.14.7_sprint14.7_FV0.1.1_ST2.2.005_M0.0.82_GM1.0.82_12.32_Jul092021.zip,None_S17Q3081J3Q4,,a4:bb:6d:ce:ca:1c,KAY-DT-43,2021-08-17 19:52:25.461897,51.539,23.652,10.701,failed,noInfo,2.088,1.757,0.812
noInfo,S17Q3081J3Q4,AV2510A0US,10B051100XX4000A1XX0100PP60XXXXX,Lidar360P3.3308.14.7_sprint14.7_FV0.1.1_ST2.2.005_M0.0.82_GM1.0.82_12.32_Jul092021.zip,AC000W021507921,309587F2C20A,a4:bb:6d:ce:ca:1c,KAY-DT-43,2021-08-17 19:53:31.681529,35.058,23.918,3.202,success,noInfo,2.119,1.59,0.812
noInfo,S17Q3081J3K5,AV2510A0US,10B051100XX4000A1XX0100PP60XXXXX,Lidar360P3.3308.14.7_sprint14.7_FV0.1.1_ST2.2.005_M0.0.82_GM1.0.82_12.32_Jul092021.zip,AC000W021507930,309587F2C28C,a4:bb:6d:ce:ca:1c,KAY-DT-43,2021-08-17 19:55:11.380916,41.734,23.675,10.988,success,noInfo,2.127,1.641,0.798
noInfo,S17Q3081J3J8,AV2510A0US,10B051100XX4000A1XX0100PP60XXXXX,Lidar360P3.3308.14.7_sprint14.7_FV0.1.1_ST2.2.005_M0.0.82_GM1.0.82_12.32_Jul092021.zip,AC000W021507940,309587F2A8B6,a4:bb:6d:ce:ca:1c,KAY-DT-43,2021-08-17 19:56:51.940841,44.23,23.79,10.912,success,noInfo,2.181,1.63,0.816
noInfo,S17Q3081J3U7,AV2510A0US,10B051100XX4000A1XX0100PP60XXXXX,Lidar360P3.3308.14.7_sprint14.7_FV0.1.1_ST2.2.005_M0.0.82_GM1.0.82_12.32_Jul092021.zip,AC000W021507950,309587F2C280,a4:bb:6d:ce:ca:1c,KAY-DT-43,2021-08-17 19:58:30.521837,43.703,24.045,10.681,success,noInfo,2.182,1.642,0.806
noInfo,S17Q3081J3J4,AV2510A0US,10B051100XX4000A1XX0100PP60XXXXX,Lidar360P3.3308.14.7_sprint14.7_FV0.1.1_ST2.2.005_M0.0.82_GM1.0.82_12.32_Jul092021.zip,AC000W021507955,309587F2BE5B,a4:bb:6d:ce:ca:1c,KAY-DT-43,2021-08-17 19:59:59.455840,43.775,23.649,10.789,success,noInfo,2.182,1.632,0.842
noInfo,S17Q3081J4F6,AV2510A0US,10B051100XX4000A1XX0100PP60XXXXX,Lidar360P3.3308.14.7_sprint14.7_FV0.1.1_ST2.2.005_M0.0.82_GM1.0.82_12.32_Jul092021.zip,AC000W021507974,309587F2CCD7,a4:bb:6d:ce:ca:1c,KAY-DT-43,2021-08-17 20:05:13.245892,37.197,23.828,10.716,success,noInfo,2.092,2.001,0.817
noInfo,S17Q3081J3Q2,AV2510A0US,10B051100XX4000A1XX0100PP60XXXXX,Lidar360P3.3308.14.7_sprint14.7_FV0.1.1_ST2.2.005_M0.0.82_GM1.0.82_12.32_Jul092021.zip,AC000W021507981,309587F2A960,a4:bb:6d:ce:ca:1c,KAY-DT-43,2021-08-17 20:06:43.517476,44.441,24.249,10.711,success,noInfo,2.218,2.014,0.809
noInfo,S17Q3081J3F7,AV2510A0US,10B051100XX4000A1XX0100PP60XXXXX,Lidar360P3.3308.14.7_sprint14.7_FV0.1.1_ST2.2.005_M0.0.82_GM1.0.82_12.32_Jul092021.zip,None_S17Q3081J3F7,,a4:bb:6d:ce:ca:1c,KAY-DT-43,2021-08-17 20:08:47.069646,172.196,24.249,11.993,failed,noInfo,2.218,2.014,0.812
noInfo,S17Q3081J4A0,AV2510A0US,10B051100XX4000A1XX0100PP60XXXXX,Lidar360P3.3308.14.7_sprint14.7_FV0.1.1_ST2.2.005_M0.0.82_GM1.0.82_12.32_Jul092021.zip,AC000W021508017,20579ED3401E,a4:bb:6d:ce:ca:1c,KAY-DT-43,2021-08-17 20:15:31.145644,35.842,23.537,10.74,success,noInfo,2.179,1.944,0.819
noInfo,S17Q3081J3H1,AV2510A0US,10B051100XX4000A1XX0100PP60XXXXX,Lidar360P3.3308.14.7_sprint14.7_FV0.1.1_ST2.2.005_M0.0.82_GM1.0.82_12.32_Jul092021.zip,AC000W021508024,20579ED33FA0,a4:bb:6d:ce:ca:1c,KAY-DT-43,2021-08-17 20:16:59.057116,42.89,23.961,10.855,success,noInfo,2.209,1.909,0.808
noInfo,S17Q3081J4F8,AV2510A0US,10B051100XX4000A1XX0100PP60XXXXX,Lidar360P3.3308.14.7_sprint14.7_FV0.1.1_ST2.2.005_M0.0.82_GM1.0.82_12.32_Jul092021.zip,AC000W021508033,309587F2B66B,a4:bb:6d:ce:ca:1c,KAY-DT-43,2021-08-17 20:18:48.260941,43.825,23.282,10.801,success,noInfo,2.126,1.619,0.817
noInfo,S17Q3081J4H9,AV2510A0US,10B051100XX4000A1XX0100PP60XXXXX,Lidar360P3.3308.14.7_sprint14.7_FV0.1.1_ST2.2.005_M0.0.82_GM1.0.82_12.32_Jul092021.zip,AC000W021508046,20579ED34022,a4:bb:6d:ce:ca:1c,KAY-DT-43,2021-08-17 20:23:02.474692,43.998,23.663,10.809,success,noInfo,2.236,1.91,0.823
noInfo,S17Q3081J3A3,AV2510A0US,10B051100XX4000A1XX0100PP60XXXXX,Lidar360P3.3308.14.7_sprint14.7_FV0.1.1_ST2.2.005_M0.0.82_GM1.0.82_12.32_Jul092021.zip,None_S17Q3081J3A3,,a4:bb:6d:ce:ca:1c,KAY-DT-43,2021-08-17 20:24:55.215705,51.685,23.663,10.786,failed,noInfo,2.236,1.91,0.81
noInfo,S17Q3081J3A3,AV2510A0US,10B051100XX4000A1XX0100PP60XXXXX,Lidar360P3.3308.14.7_sprint14.7_FV0.1.1_ST2.2.005_M0.0.82_GM1.0.82_12.32_Jul092021.zip,AC000W021508059,309587F2A916,a4:bb:6d:ce:ca:1c,KAY-DT-43,2021-08-17 20:26:12.732838,44.768,23.518,3.201,success,noInfo,2.155,1.713,0.81
noInfo,S17Q3081J4A8,AV2510A0US,10B051100XX4000A1XX0100PP60XXXXX,Lidar360P3.3308.14.7_sprint14.7_FV0.1.1_ST2.2.005_M0.0.82_GM1.0.82_12.32_Jul092021.zip,AC000W021508064,20579ED340E5,a4:bb:6d:ce:ca:1c,KAY-DT-43,2021-08-17 20:27:50.762401,42.945,23.559,10.758,success,noInfo,2.164,1.594,0.804
noInfo,S17Q3081J2U9,AV2510A0US,10B051100XX4000A1XX0100PP60XXXXX,Lidar360P3.3308.14.7_sprint14.7_FV0.1.1_ST2.2.005_M0.0.82_GM1.0.82_12.32_Jul092021.zip,AC000W021508068,20579ED3415C,a4:bb:6d:ce:ca:1c,KAY-DT-43,2021-08-17 20:29:52.524398,40.199,23.906,10.684,success,noInfo,2.107,1.671,0.817
noInfo,S17Q3081J3Z6,AV2510A0US,10B051100XX4000A1XX0100PP60XXXXX,Lidar360P3.3308.14.7_sprint14.7_FV0.1.1_ST2.2.005_M0.0.82_GM1.0.82_12.32_Jul092021.zip,AC000W021508070,309587F2A70D,a4:bb:6d:ce:ca:1c,KAY-DT-43,2021-08-17 20:31:36.185706,39.677,23.995,10.832,success,noInfo,2.101,1.829,0.817
noInfo,S17Q3081J2U8,AV2510A0US,10B051100XX4000A1XX0100PP60XXXXX,Lidar360P3.3308.14.7_sprint14.7_FV0.1.1_ST2.2.005_M0.0.82_GM1.0.82_12.32_Jul092021.zip,AC000W021508072,309587F2A996,a4:bb:6d:ce:ca:1c,KAY-DT-43,2021-08-17 20:33:18.344661,37.543,23.844,10.694,success,noInfo,2.182,1.682,0.828
noInfo,S17Q3081J3Z5,AV2510A0US,10B051100XX4000A1XX0100PP60XXXXX,Lidar360P3.3308.14.7_sprint14.7_FV0.1.1_ST2.2.005_M0.0.82_GM1.0.82_12.32_Jul092021.zip,AC000W021508074,20579ED3419E,a4:bb:6d:ce:ca:1c,KAY-DT-43,2021-08-17 20:36:31.465823,36.895,23.46,10.715,success,noInfo,2.144,2.0,0.82
noInfo,S17Q3081J2R9,AV2510A0US,10B051100XX4000A1XX0100PP60XXXXX,Lidar360P3.3308.14.7_sprint14.7_FV0.1.1_ST2.2.005_M0.0.82_GM1.0.82_12.32_Jul092021.zip,None_S17Q3081J2R9,,a4:bb:6d:ce:ca:1c,KAY-DT-43,2021-08-17 20:38:13.938242,51.8,23.46,10.511,failed,noInfo,2.144,2.0,0.816
noInfo,S17Q3081J2R9,AV2510A0US,10B051100XX4000A1XX0100PP60XXXXX,Lidar360P3.3308.14.7_sprint14.7_FV0.1.1_ST2.2.005_M0.0.82_GM1.0.82_12.32_Jul092021.zip,AC000W021508082,309587F2AB86,a4:bb:6d:ce:ca:1c,KAY-DT-43,2021-08-17 20:39:17.368080,44.512,23.576,3.196,success,noInfo,2.127,1.948,0.811
noInfo,S17Q3081J2R8,AV2510A0US,10B051100XX4000A1XX0100PP60XXXXX,Lidar360P3.3308.14.7_sprint14.7_FV0.1.1_ST2.2.005_M0.0.82_GM1.0.82_12.32_Jul092021.zip,AC000W021508088,309587F2C2C4,a4:bb:6d:ce:ca:1c,KAY-DT-43,2021-08-17 20:41:10.546550,43.097,23.724,10.82,success,noInfo,2.148,1.629,0.815
noInfo,S17Q3081J3Z8,AV2510A0US,10B051100XX4000A1XX0100PP60XXXXX,Lidar360P3.3308.14.7_sprint14.7_FV0.1.1_ST2.2.005_M0.0.82_GM1.0.82_12.32_Jul092021.zip,AC000W021508093,309587F2A91E,a4:bb:6d:ce:ca:1c,KAY-DT-43,2021-08-17 20:43:06.480889,43.081,23.8,10.585,success,noInfo,2.135,1.686,0.81
noInfo,S17Q3081J2S7,AV2510A0US,10B051100XX4000A1XX0100PP60XXXXX,Lidar360P3.3308.14.7_sprint14.7_FV0.1.1_ST2.2.005_M0.0.82_GM1.0.82_12.32_Jul092021.zip,AC000W021508105,309587F2AA2A,a4:bb:6d:ce:ca:1c,KAY-DT-43,2021-08-17 20:45:45.102855,35.508,23.633,10.781,success,noInfo,2.119,1.637,0.821
noInfo,S17Q3081J3A0,AV2510A0US,10B051100XX4000A1XX0100PP60XXXXX,Lidar360P3.3308.14.7_sprint14.7_FV0.1.1_ST2.2.005_M0.0.82_GM1.0.82_12.32_Jul092021.zip,AC000W021508115,309587F2A8B0,a4:bb:6d:ce:ca:1c,KAY-DT-43,2021-08-17 20:48:56.038072,39.906,24.289,10.663,success,noInfo,2.189,1.732,0.809
noInfo,S17Q3081J2R7,AV2510A0US,10B051100XX4000A1XX0100PP60XXXXX,Lidar360P3.3308.14.7_sprint14.7_FV0.1.1_ST2.2.005_M0.0.82_GM1.0.82_12.32_Jul092021.zip,AC000W021508123,309587F2A897,a4:bb:6d:ce:ca:1c,KAY-DT-43,2021-08-17 20:50:25.943519,40.153,23.747,10.74,success,noInfo,2.182,1.685,0.81
noInfo,S17Q3081J2Q9,AV2510A0US,10B051100XX4000A1XX0100PP60XXXXX,Lidar360P3.3308.14.7_sprint14.7_FV0.1.1_ST2.2.005_M0.0.82_GM1.0.82_12.32_Jul092021.zip,AC000W021508128,309587F2A535,a4:bb:6d:ce:ca:1c,KAY-DT-43,2021-08-17 20:52:14.617961,31.173,23.563,10.787,success,noInfo,2.172,1.634,0.814
noInfo,S17Q3081J2R1,AV2510A0US,10B051100XX4000A1XX0100PP60XXXXX,Lidar360P3.3308.14.7_sprint14.7_FV0.1.1_ST2.2.005_M0.0.82_GM1.0.82_12.32_Jul092021.zip,None_S17Q3081J2R1,,a4:bb:6d:ce:ca:1c,KAY-DT-43,2021-08-17 20:54:03.311829,51.619,23.563,10.722,failed,noInfo,2.172,1.634,0.814
noInfo,S17Q3081J2R1,AV2510A0US,10B051100XX4000A1XX0100PP60XXXXX,Lidar360P3.3308.14.7_sprint14.7_FV0.1.1_ST2.2.005_M0.0.82_GM1.0.82_12.32_Jul092021.zip,AC000W021508144,309587F2A961,a4:bb:6d:ce:ca:1c,KAY-DT-43,2021-08-17 20:55:31.087257,44.264,24.151,3.19,success,noInfo,2.105,1.677,0.815
noInfo,S17Q3081J2R0,AV2510A0US,10B051100XX4000A1XX0100PP60XXXXX,Lidar360P3.3308.14.7_sprint14.7_FV0.1.1_ST2.2.005_M0.0.82_GM1.0.82_12.32_Jul092021.zip,AC000W021508153,309587F2C43A,a4:bb:6d:ce:ca:1c,KAY-DT-43,2021-08-17 20:57:34.315190,42.182,23.783,10.71,success,noInfo,2.306,1.643,0.813
noInfo,S17Q3081J2S3,AV2510A0US,10B051100XX4000A1XX0100PP60XXXXX,Lidar360P3.3308.14.7_sprint14.7_FV0.1.1_ST2.2.005_M0.0.82_GM1.0.82_12.32_Jul092021.zip,AC000W021508164,20579ED341D8,a4:bb:6d:ce:ca:1c,KAY-DT-43,2021-08-17 21:00:07.890308,40.591,23.884,10.898,success,noInfo,2.093,1.897,0.819
noInfo,S17Q3081J2S4,AV2510A0US,10B051100XX4000A1XX0100PP60XXXXX,Lidar360P3.3308.14.7_sprint14.7_FV0.1.1_ST2.2.005_M0.0.82_GM1.0.82_12.32_Jul092021.zip,AC000W021508171,309587F2A923,a4:bb:6d:ce:ca:1c,KAY-DT-43,2021-08-17 21:01:57.961547,43.652,23.39,10.672,success,noInfo,2.13,1.69,0.819
noInfo,S17Q3081J2Q2,AV2510A0US,10B051100XX4000A1XX0100PP60XXXXX,Lidar360P3.3308.14.7_sprint14.7_FV0.1.1_ST2.2.005_M0.0.82_GM1.0.82_12.32_Jul092021.zip,AC000W021508177,309587F2A70A,a4:bb:6d:ce:ca:1c,KAY-DT-43,2021-08-17 21:04:11.554538,39.293,23.942,10.743,success,noInfo,2.182,1.66,0.818
noInfo,S17Q3081J3Z1,AV2510A0US,10B051100XX4000A1XX0100PP60XXXXX,Lidar360P3.3308.14.7_sprint14.7_FV0.1.1_ST2.2.005_M0.0.82_GM1.0.82_12.32_Jul092021.zip,AC000W021508187,309587F2AB88,a4:bb:6d:ce:ca:1c,KAY-DT-43,2021-08-17 21:05:51.432988,44.862,23.518,10.835,success,noInfo,2.143,1.673,0.826
noInfo,S17Q3081J2J7,AV2510A0US,10B051100XX4000A1XX0100PP60XXXXX,Lidar360P3.3308.14.7_sprint14.7_FV0.1.1_ST2.2.005_M0.0.82_GM1.0.82_12.32_Jul092021.zip,None_S17Q3081J2J7,,a4:bb:6d:ce:ca:1c,KAY-DT-43,2021-08-17 21:12:21.628953,51.576,23.518,10.622,failed,noInfo,2.143,1.673,0.818
noInfo,S17Q3081J2J7,AV2510A0US,10B051100XX4000A1XX0100PP60XXXXX,Lidar360P3.3308.14.7_sprint14.7_FV0.1.1_ST2.2.005_M0.0.82_GM1.0.82_12.32_Jul092021.zip,AC000W021508213,309587F2C29E,a4:bb:6d:ce:ca:1c,KAY-DT-43,2021-08-17 21:13:43.842782,44.475,23.467,3.204,success,noInfo,2.167,1.685,0.816
noInfo,S17Q3081J2R3,AV2510A0US,10B051100XX4000A1XX0100PP60XXXXX,Lidar360P3.3308.14.7_sprint14.7_FV0.1.1_ST2.2.005_M0.0.82_GM1.0.82_12.32_Jul092021.zip,AC000W021508218,309587F2A9FA,a4:bb:6d:ce:ca:1c,KAY-DT-43,2021-08-17 21:15:45.177279,44.327,23.983,10.539,success,noInfo,2.232,1.688,0.808
noInfo,S17Q3081J2Q0,AV2510A0US,10B051100XX4000A1XX0100PP60XXXXX,Lidar360P3.3308.14.7_sprint14.7_FV0.1.1_ST2.2.005_M0.0.82_GM1.0.82_12.32_Jul092021.zip,None_S17Q3081J2Q0,,a4:bb:6d:ce:ca:1c,KAY-DT-43,2021-08-17 21:17:28.959512,51.53,23.983,10.751,failed,noInfo,2.232,1.688,0.796
noInfo,S17Q3081J2Q0,AV2510A0US,10B051100XX4000A1XX0100PP60XXXXX,Lidar360P3.3308.14.7_sprint14.7_FV0.1.1_ST2.2.005_M0.0.82_GM1.0.82_12.32_Jul092021.zip,None_S17Q3081J2Q0,,a4:bb:6d:ce:ca:1c,KAY-DT-43,2021-08-17 21:18:33.082873,62.196,23.983,3.189,failed,noInfo,2.232,1.688,0.809
noInfo,S17Q3081J2Q0,AV2510A0US,10B051100XX4000A1XX0100PP60XXXXX,Lidar360P3.3308.14.7_sprint14.7_FV0.1.1_ST2.2.005_M0.0.82_GM1.0.82_12.32_Jul092021.zip,None_S17Q3081J2Q0,,a4:bb:6d:ce:ca:1c,KAY-DT-43,2021-08-17 21:20:03.882896,62.12,23.983,3.205,failed,noInfo,2.232,1.688,0.812
noInfo,S17Q3081J2Q0,AV2510A0US,10B051100XX4000A1XX0100PP60XXXXX,Lidar360P3.3308.14.7_sprint14.7_FV0.1.1_ST2.2.005_M0.0.82_GM1.0.82_12.32_Jul092021.zip,AC000W021508245,309587F2CB3D,a4:bb:6d:ce:ca:1c,KAY-DT-43,2021-08-17 21:21:37.091880,41.661,24.666,3.206,success,noInfo,2.161,1.623,0.819
noInfo,S17Q3081J2J5,AV2510A0US,10B051100XX4000A1XX0100PP60XXXXX,Lidar360P3.3308.14.7_sprint14.7_FV0.1.1_ST2.2.005_M0.0.82_GM1.0.82_12.32_Jul092021.zip,AC000W021508255,309587F2BDD7,a4:bb:6d:ce:ca:1c,KAY-DT-43,2021-08-17 21:24:07.087372,42.825,23.896,10.535,success,noInfo,2.097,1.732,0.818
noInfo,S17Q3081J2H6,AV2510A0US,10B051100XX4000A1XX0100PP60XXXXX,Lidar360P3.3308.14.7_sprint14.7_FV0.1.1_ST2.2.005_M0.0.82_GM1.0.82_12.32_Jul092021.zip,AC000W021508261,20579ED3416D,a4:bb:6d:ce:ca:1c,KAY-DT-43,2021-08-17 21:26:04.002859,39.039,23.816,10.802,success,noInfo,2.088,1.717,0.811
noInfo,S17Q3081J2H8,AV2510A0US,10B051100XX4000A1XX0100PP60XXXXX,Lidar360P3.3308.14.7_sprint14.7_FV0.1.1_ST2.2.005_M0.0.82_GM1.0.82_12.32_Jul092021.zip,AC000W021508270,20579ED341CC,a4:bb:6d:ce:ca:1c,KAY-DT-43,2021-08-17 21:28:03.927218,42.944,24.051,10.615,success,noInfo,2.206,1.722,0.816
noInfo,S17Q3081J2J8,AV2510A0US,10B051100XX4000A1XX0100PP60XXXXX,Lidar360P3.3308.14.7_sprint14.7_FV0.1.1_ST2.2.005_M0.0.82_GM1.0.82_12.32_Jul092021.zip,None_S17Q3081J2J8,,a4:bb:6d:ce:ca:1c,KAY-DT-43,2021-08-17 21:30:06.308527,62.103,24.051,10.86,failed,noInfo,2.206,1.722,0.822
noInfo,S17Q3081J2J8,AV2510A0US,10B051100XX4000A1XX0100PP60XXXXX,Lidar360P3.3308.14.7_sprint14.7_FV0.1.1_ST2.2.005_M0.0.82_GM1.0.82_12.32_Jul092021.zip,AC000W021508284,309587F2BE6C,a4:bb:6d:ce:ca:1c,KAY-DT-43,2021-08-17 21:32:18.437499,43.785,24.043,3.203,success,noInfo,2.13,1.762,0.803
noInfo,S17Q3081J2A5,AV2510A0US,10B051100XX4000A1XX0100PP60XXXXX,Lidar360P3.3308.14.7_sprint14.7_FV0.1.1_ST2.2.005_M0.0.82_GM1.0.82_12.32_Jul092021.zip,AC000W021508292,309587F2A9CA,a4:bb:6d:ce:ca:1c,KAY-DT-43,2021-08-17 21:34:56.494917,47.91,24.06,10.731,success,noInfo,2.157,1.628,0.808
noInfo,S17Q3081J2A8,AV2510A0US,10B051100XX4000A1XX0100PP60XXXXX,Lidar360P3.3308.14.7_sprint14.7_FV0.1.1_ST2.2.005_M0.0.82_GM1.0.82_12.32_Jul092021.zip,None_S17Q3081J2A8,,a4:bb:6d:ce:ca:1c,KAY-DT-43,2021-08-17 21:37:08.978245,54.368,24.06,10.936,failed,noInfo,2.157,1.628,0.806
noInfo,S17Q3081J2A8,AV2510A0US,10B051100XX4000A1XX0100PP60XXXXX,Lidar360P3.3308.14.7_sprint14.7_FV0.1.1_ST2.2.005_M0.0.82_GM1.0.82_12.32_Jul092021.zip,AC000W021508309,20579ED34055,a4:bb:6d:ce:ca:1c,KAY-DT-43,2021-08-17 21:38:35.717623,42.811,23.515,3.197,success,noInfo,2.123,1.719,0.81
noInfo,S17Q3081J2F7,AV2510A0US,10B051100XX4000A1XX0100PP60XXXXX,Lidar360P3.3308.14.7_sprint14.7_FV0.1.1_ST2.2.005_M0.0.82_GM1.0.82_12.32_Jul092021.zip,AC000W021508374,20579ED3410E,a4:bb:6d:ce:ca:1c,KAY-DT-43,2021-08-17 21:57:04.209908,32.034,23.957,10.633,success,noInfo,2.151,1.974,0.849
noInfo,S17Q3081J1U6,AV2510A0US,10B051100XX4000A1XX0100PP60XXXXX,Lidar360P3.3308.14.7_sprint14.7_FV0.1.1_ST2.2.005_M0.0.82_GM1.0.82_12.32_Jul092021.zip,AC000W021508378,309587F2C1FC,a4:bb:6d:ce:ca:1c,KAY-DT-43,2021-08-17 21:59:08.497138,41.865,23.757,10.805,success,noInfo,2.193,1.962,0.801
noInfo,S17Q3081J1S8,AV2510A0US,10B051100XX4000A1XX0100PP60XXXXX,Lidar360P3.3308.14.7_sprint14.7_FV0.1.1_ST2.2.005_M0.0.82_GM1.0.82_12.32_Jul092021.zip,AC000W021508390,309587F2B606,a4:bb:6d:ce:ca:1c,KAY-DT-43,2021-08-17 22:00:49.962125,36.299,23.935,10.884,success,noInfo,2.12,1.68,0.813
noInfo,S17Q3081J1S7,AV2510A0US,10B051100XX4000A1XX0100PP60XXXXX,Lidar360P3.3308.14.7_sprint14.7_FV0.1.1_ST2.2.005_M0.0.82_GM1.0.82_12.32_Jul092021.zip,AC000W021508396,20579ED34140,a4:bb:6d:ce:ca:1c,KAY-DT-43,2021-08-17 22:03:32.053538,37.376,23.914,10.826,success,noInfo,2.151,1.586,0.812
noInfo,S17Q3081J2A9,AV2510A0US,10B051100XX4000A1XX0100PP60XXXXX,Lidar360P3.3308.14.7_sprint14.7_FV0.1.1_ST2.2.005_M0.0.82_GM1.0.82_12.32_Jul092021.zip,AC000W021508404,20579ED340E6,a4:bb:6d:ce:ca:1c,KAY-DT-43,2021-08-17 22:05:01.104100,45.584,23.581,10.898,success,noInfo,2.189,1.624,0.812
noInfo,S17Q3081J9J4,AV2510A0US,10B051100XX4000A1XX0100PP60XXXXX,Lidar360P3.3308.14.7_sprint14.7_FV0.1.1_ST2.2.005_M0.0.82_GM1.0.82_12.32_Jul092021.zip,AC000W021508413,309587F2C268,a4:bb:6d:ce:ca:1c,KAY-DT-43,2021-08-17 22:06:48.143557,43.617,23.534,10.706,success,noInfo,2.102,1.638,0.829
noInfo,S17Q3081J1U9,AV2510A0US,10B051100XX4000A1XX0100PP60XXXXX,Lidar360P3.3308.14.7_sprint14.7_FV0.1.1_ST2.2.005_M0.0.82_GM1.0.82_12.32_Jul092021.zip,AC000W021508422,309587F2BEAE,a4:bb:6d:ce:ca:1c,KAY-DT-43,2021-08-17 22:08:29.002640,43.867,23.614,10.797,success,noInfo,2.13,1.606,0.815
noInfo,S17Q3081J1Q8,AV2510A0US,10B051100XX4000A1XX0100PP60XXXXX,Lidar360P3.3308.14.7_sprint14.7_FV0.1.1_ST2.2.005_M0.0.82_GM1.0.82_12.32_Jul092021.zip,AC000W021508430,309587F2C1F6,a4:bb:6d:ce:ca:1c,KAY-DT-43,2021-08-17 22:10:25.298816,45.589,23.94,10.825,success,noInfo,2.097,1.684,0.82
noInfo,S17Q3081J1R4,AV2510A0US,10B051100XX4000A1XX0100PP60XXXXX,Lidar360P3.3308.14.7_sprint14.7_FV0.1.1_ST2.2.005_M0.0.82_GM1.0.82_12.32_Jul092021.zip,None_S17Q3081J1R4,,a4:bb:6d:ce:ca:1c,KAY-DT-43,2021-08-17 22:13:53.306557,62.014,23.94,10.743,failed,noInfo,2.097,1.684,0.818
noInfo,S17Q3081J1R4,AV2510A0US,10B051100XX4000A1XX0100PP60XXXXX,Lidar360P3.3308.14.7_sprint14.7_FV0.1.1_ST2.2.005_M0.0.82_GM1.0.82_12.32_Jul092021.zip,AC000W021508452,309587F2C1F5,a4:bb:6d:ce:ca:1c,KAY-DT-43,2021-08-17 22:15:36.319517,37.506,23.606,3.186,success,noInfo,2.155,1.616,0.801
noInfo,S17Q3081J1Q9,AV2510A0US,10B051100XX4000A1XX0100PP60XXXXX,Lidar360P3.3308.14.7_sprint14.7_FV0.1.1_ST2.2.005_M0.0.82_GM1.0.82_12.32_Jul092021.zip,AC000W021508455,309587F2B663,a4:bb:6d:ce:ca:1c,KAY-DT-43,2021-08-17 22:17:20.704103,44.347,23.554,10.746,success,noInfo,2.1,1.647,0.804
noInfo,S17Q3081J1Q3,AV2510A0US,10B051100XX4000A1XX0100PP60XXXXX,Lidar360P3.3308.14.7_sprint14.7_FV0.1.1_ST2.2.005_M0.0.82_GM1.0.82_12.32_Jul092021.zip,AC000W021508467,309587F2B605,a4:bb:6d:ce:ca:1c,KAY-DT-43,2021-08-17 22:19:42.241452,43.087,23.284,10.875,success,noInfo,2.117,1.633,0.819
noInfo,S17Q3081J1K6,AV2510A0US,10B051100XX4000A1XX0100PP60XXXXX,Lidar360P3.3308.14.7_sprint14.7_FV0.1.1_ST2.2.005_M0.0.82_GM1.0.82_12.32_Jul092021.zip,AC000W021508475,20579ED3401C,a4:bb:6d:ce:ca:1c,KAY-DT-43,2021-08-17 22:21:36.473627,39.696,23.983,10.691,success,noInfo,2.203,1.684,0.809
noInfo,S17Q3081J3H3,AV2510A0US,10B051100XX4000A1XX0100PP60XXXXX,Lidar360P3.3308.14.7_sprint14.7_FV0.1.1_ST2.2.005_M0.0.82_GM1.0.82_12.32_Jul092021.zip,AC000W021508482,309587F2C1DD,a4:bb:6d:ce:ca:1c,KAY-DT-43,2021-08-17 22:24:29.446841,43.155,23.851,10.675,success,noInfo,2.182,1.612,0.806
noInfo,S17Q3081J1R1,AV2510A0US,10B051100XX4000A1XX0100PP60XXXXX,Lidar360P3.3308.14.7_sprint14.7_FV0.1.1_ST2.2.005_M0.0.82_GM1.0.82_12.32_Jul092021.zip,None_S17Q3081J1R1,,a4:bb:6d:ce:ca:1c,KAY-DT-43,2021-08-17 22:26:26.367442,51.563,23.851,10.865,failed,noInfo,2.182,1.612,0.819
noInfo,S17Q3081J1R1,AV2510A0US,10B051100XX4000A1XX0100PP60XXXXX,Lidar360P3.3308.14.7_sprint14.7_FV0.1.1_ST2.2.005_M0.0.82_GM1.0.82_12.32_Jul092021.zip,AC000W021508494,20579ED3409D,a4:bb:6d:ce:ca:1c,KAY-DT-43,2021-08-17 22:27:32.815552,43.994,23.169,3.19,success,noInfo,2.127,1.644,0.971
noInfo,S17Q3081J1K0,AV2510A0US,10B051100XX4000A1XX0100PP60XXXXX,Lidar360P3.3308.14.7_sprint14.7_FV0.1.1_ST2.2.005_M0.0.82_GM1.0.82_12.32_Jul092021.zip,AC000W021508500,20579ED33FAA,a4:bb:6d:ce:ca:1c,KAY-DT-43,2021-08-17 22:29:35.482528,38.557,24.032,10.718,success,noInfo,2.095,1.637,0.811
noInfo,S17Q3081J1J8,AV2510A0US,10B051100XX4000A1XX0100PP60XXXXX,Lidar360P3.3308.14.7_sprint14.7_FV0.1.1_ST2.2.005_M0.0.82_GM1.0.82_12.32_Jul092021.zip,AC000W021508504,309587F2C26D,a4:bb:6d:ce:ca:1c,KAY-DT-43,2021-08-17 22:32:14.326098,37.315,23.978,10.576,success,noInfo,2.219,1.664,0.814
